collection_handle,collection_title,product_handle
10pcoff-10-off-discount,10PCOFF,point-pod-connect-black-pop-up-electrical-outlet
10pcoff-10-off-discount,10PCOFF,v16b-black-pop-up-outlet-with-light-65w-usb-c
10pcoff-10-off-discount,10PCOFF,gfci-adapter
10pcoff-10-off-discount,10PCOFF,v3c-motorized-pop-up-outlet-with-usb
10pcoff-10-off-discount,10PCOFF,v15-white-pop-up-outlet-with-usb-and-qi
10pcoff-10-off-discount,10PCOFF,hubbell-tri-power-countertop-pop-up-receptacle
10pcoff-10-off-discount,10PCOFF,hubbell-dual-sided-pop-up-electrical-outlet
10pcoff-10-off-discount,10PCOFF,v15-quad-sided-black-pop-up-outlet-with-usb-and-qi
10pcoff-10-off-discount,10PCOFF,v15-white-pop-up-outlet
10pcoff-10-off-discount,10PCOFF,v16s-silver-pop-up-outlet-with-light-and-65w-usb-c
10pcoff-10-off-discount,10PCOFF,v3cw-white-motorized-pop-up-outlet-with-usb
10pcoff-10-off-discount,10PCOFF,v3cs-motorized-pop-up-outlet-with-usb
10pcoff-10-off-discount,10PCOFF,point-pod-connect-silver-counter-pop-up-outlet
15pcoff,15PCOFF,point-pod-connect-black-pop-up-electrical-outlet
15pcoff,15PCOFF,v16b-black-pop-up-outlet-with-light-65w-usb-c
15pcoff,15PCOFF,gfci-adapter
15pcoff,15PCOFF,v3c-motorized-pop-up-outlet-with-usb
15pcoff,15PCOFF,v15-white-pop-up-outlet-with-usb-and-qi
15pcoff,15PCOFF,hubbell-tri-power-countertop-pop-up-receptacle
15pcoff,15PCOFF,hubbell-dual-sided-pop-up-electrical-outlet
15pcoff,15PCOFF,v15-quad-sided-black-pop-up-outlet-with-usb-and-qi
15pcoff,15PCOFF,v15-white-pop-up-outlet
15pcoff,15PCOFF,v16s-silver-pop-up-outlet-with-light-and-65w-usb-c
15pcoff,15PCOFF,v3cw-white-motorized-pop-up-outlet-with-usb
15pcoff,15PCOFF,v3cs-motorized-pop-up-outlet-with-usb
15pcoff,15PCOFF,point-pod-connect-silver-counter-pop-up-outlet
accessories,Accessories,gfci-adapter
accessories,Accessories,hole-saw-4-for-point-pod
black-pop-up-outlets,Black Pop-Up Outlets for Kitchens,point-pod-connect-black-pop-up-electrical-outlet
black-pop-up-outlets,Black Pop-Up Outlets for Kitchens,v3c-motorized-pop-up-outlet-with-usb
black-pop-up-outlets,Black Pop-Up Outlets for Kitchens,hubbell-tri-power-countertop-pop-up-receptacle
black-pop-up-outlets,Black Pop-Up Outlets for Kitchens,hubbell-dual-sided-pop-up-electrical-outlet
black-pop-up-outlets,Black Pop-Up Outlets for Kitchens,v15-quad-sided-black-pop-up-outlet-with-usb-and-qi
gas-strut-lift-up-pop-up-outlets,Gas Strut Lift Up Pop Up Outlets,v16b-black-pop-up-outlet-with-light-65w-usb-c
gas-strut-lift-up-pop-up-outlets,Gas Strut Lift Up Pop Up Outlets,hubbell-tri-power-countertop-pop-up-receptacle
gas-strut-lift-up-pop-up-outlets,Gas Strut Lift Up Pop Up Outlets,v15-white-pop-up-outlet-with-usb-and-qi
gas-strut-lift-up-pop-up-outlets,Gas Strut Lift Up Pop Up Outlets,hubbell-dual-sided-pop-up-electrical-outlet
gas-strut-lift-up-pop-up-outlets,Gas Strut Lift Up Pop Up Outlets,v15-quad-sided-black-pop-up-outlet-with-usb-and-qi
gas-strut-lift-up-pop-up-outlets,Gas Strut Lift Up Pop Up Outlets,v15-white-pop-up-outlet
gas-strut-lift-up-pop-up-outlets,Gas Strut Lift Up Pop Up Outlets,v16s-silver-pop-up-outlet-with-light-and-65w-usb-c
frontpage,Home Page,point-pod-connect-black-pop-up-electrical-outlet
frontpage,Home Page,v16b-black-pop-up-outlet-with-light-65w-usb-c
frontpage,Home Page,v3c-motorized-pop-up-outlet-with-usb
frontpage,Home Page,v15-white-pop-up-outlet-with-usb-and-qi
frontpage,Home Page,hubbell-tri-power-countertop-pop-up-receptacle
frontpage,Home Page,hubbell-dual-sided-pop-up-electrical-outlet
frontpage,Home Page,v15-quad-sided-black-pop-up-outlet-with-usb-and-qi
frontpage,Home Page,v15-white-pop-up-outlet
frontpage,Home Page,v16s-silver-pop-up-outlet-with-light-and-65w-usb-c
frontpage,Home Page,v3cw-white-motorized-pop-up-outlet-with-usb
frontpage,Home Page,v3cs-motorized-pop-up-outlet-with-usb
frontpage,Home Page,point-pod-connect-silver-counter-pop-up-outlet
hubbell-countertop-receptacles,Hubbell Countertop Receptacles,hubbell-dual-sided-pop-up-electrical-outlet
hubbell-countertop-receptacles,Hubbell Countertop Receptacles,hubbell-tri-power-countertop-pop-up-receptacle
motorized-lifting-pop-up-outlets,Motorized Lifting Pop Up Outlets,point-pod-connect-black-pop-up-electrical-outlet
motorized-lifting-pop-up-outlets,Motorized Lifting Pop Up Outlets,v3c-motorized-pop-up-outlet-with-usb
motorized-lifting-pop-up-outlets,Motorized Lifting Pop Up Outlets,v3cw-white-motorized-pop-up-outlet-with-usb
motorized-lifting-pop-up-outlets,Motorized Lifting Pop Up Outlets,v3cs-motorized-pop-up-outlet-with-usb
motorized-lifting-pop-up-outlets,Motorized Lifting Pop Up Outlets,point-pod-connect-silver-counter-pop-up-outlet
point-pods,Point Pod,point-pod-connect-black-pop-up-electrical-outlet
point-pods,Point Pod,point-pod-connect-silver-counter-pop-up-outlet
point-pods,Point Pod,hole-saw-4-for-point-pod
pop-up-outlets,Pop Up Outlets,point-pod-connect-black-pop-up-electrical-outlet
pop-up-outlets,Pop Up Outlets,v16b-black-pop-up-outlet-with-light-65w-usb-c
pop-up-outlets,Pop Up Outlets,v3c-motorized-pop-up-outlet-with-usb
pop-up-outlets,Pop Up Outlets,v15-white-pop-up-outlet-with-usb-and-qi
pop-up-outlets,Pop Up Outlets,hubbell-tri-power-countertop-pop-up-receptacle
pop-up-outlets,Pop Up Outlets,hubbell-dual-sided-pop-up-electrical-outlet
pop-up-outlets,Pop Up Outlets,v15-quad-sided-black-pop-up-outlet-with-usb-and-qi
pop-up-outlets,Pop Up Outlets,v15-white-pop-up-outlet
pop-up-outlets,Pop Up Outlets,v16s-silver-pop-up-outlet-with-light-and-65w-usb-c
pop-up-outlets,Pop Up Outlets,v3cw-white-motorized-pop-up-outlet-with-usb
pop-up-outlets,Pop Up Outlets,v3cs-motorized-pop-up-outlet-with-usb
pop-up-outlets,Pop Up Outlets,point-pod-connect-silver-counter-pop-up-outlet
all,Pop Up Outlets | Innovative Power Access Products,point-pod-connect-black-pop-up-electrical-outlet
all,Pop Up Outlets | Innovative Power Access Products,v16b-black-pop-up-outlet-with-light-65w-usb-c
all,Pop Up Outlets | Innovative Power Access Products,gfci-adapter
all,Pop Up Outlets | Innovative Power Access Products,hubbell-tri-power-countertop-pop-up-receptacle
all,Pop Up Outlets | Innovative Power Access Products,v15-white-pop-up-outlet-with-usb-and-qi
all,Pop Up Outlets | Innovative Power Access Products,v3c-motorized-pop-up-outlet-with-usb
all,Pop Up Outlets | Innovative Power Access Products,hubbell-dual-sided-pop-up-electrical-outlet
all,Pop Up Outlets | Innovative Power Access Products,v15-quad-sided-black-pop-up-outlet-with-usb-and-qi
all,Pop Up Outlets | Innovative Power Access Products,v15-white-pop-up-outlet
all,Pop Up Outlets | Innovative Power Access Products,v16s-silver-pop-up-outlet-with-light-and-65w-usb-c
all,Pop Up Outlets | Innovative Power Access Products,hole-saw-4-for-point-pod
all,Pop Up Outlets | Innovative Power Access Products,v3cw-white-motorized-pop-up-outlet-with-usb
all,Pop Up Outlets | Innovative Power Access Products,v3cs-motorized-pop-up-outlet-with-usb
all,Pop Up Outlets | Innovative Power Access Products,point-pod-connect-silver-counter-pop-up-outlet
all-products-pop-up-power-outlets,Primary Products,point-pod-connect-black-pop-up-electrical-outlet
all-products-pop-up-power-outlets,Primary Products,v16b-black-pop-up-outlet-with-light-65w-usb-c
all-products-pop-up-power-outlets,Primary Products,v3c-motorized-pop-up-outlet-with-usb
all-products-pop-up-power-outlets,Primary Products,v15-white-pop-up-outlet-with-usb-and-qi
all-products-pop-up-power-outlets,Primary Products,hubbell-tri-power-countertop-pop-up-receptacle
all-products-pop-up-power-outlets,Primary Products,hubbell-dual-sided-pop-up-electrical-outlet
all-products-pop-up-power-outlets,Primary Products,v15-quad-sided-black-pop-up-outlet-with-usb-and-qi
all-products-pop-up-power-outlets,Primary Products,v15-white-pop-up-outlet
all-products-pop-up-power-outlets,Primary Products,v16s-silver-pop-up-outlet-with-light-and-65w-usb-c
all-products-pop-up-power-outlets,Primary Products,v3cw-white-motorized-pop-up-outlet-with-usb
all-products-pop-up-power-outlets,Primary Products,v3cs-motorized-pop-up-outlet-with-usb
all-products-pop-up-power-outlets,Primary Products,point-pod-connect-silver-counter-pop-up-outlet
ul-approved,UL Approved,point-pod-connect-black-pop-up-electrical-outlet
ul-approved,UL Approved,v16b-black-pop-up-outlet-with-light-65w-usb-c
ul-approved,UL Approved,hubbell-tri-power-countertop-pop-up-receptacle
ul-approved,UL Approved,hubbell-dual-sided-pop-up-electrical-outlet
ul-approved,UL Approved,v16s-silver-pop-up-outlet-with-light-and-65w-usb-c
ul-approved,UL Approved,point-pod-connect-silver-counter-pop-up-outlet
usa-pop-up-outlets,US Products,point-pod-connect-black-pop-up-electrical-outlet
usa-pop-up-outlets,US Products,v16b-black-pop-up-outlet-with-light-65w-usb-c
usa-pop-up-outlets,US Products,gfci-adapter
usa-pop-up-outlets,US Products,v3c-motorized-pop-up-outlet-with-usb
usa-pop-up-outlets,US Products,v15-white-pop-up-outlet-with-usb-and-qi
usa-pop-up-outlets,US Products,hubbell-tri-power-countertop-pop-up-receptacle
usa-pop-up-outlets,US Products,hubbell-dual-sided-pop-up-electrical-outlet
usa-pop-up-outlets,US Products,v15-quad-sided-black-pop-up-outlet-with-usb-and-qi
usa-pop-up-outlets,US Products,v15-white-pop-up-outlet
usa-pop-up-outlets,US Products,v16s-silver-pop-up-outlet-with-light-and-65w-usb-c
usa-pop-up-outlets,US Products,hole-saw-4-for-point-pod
usa-pop-up-outlets,US Products,v3cw-white-motorized-pop-up-outlet-with-usb
usa-pop-up-outlets,US Products,v3cs-motorized-pop-up-outlet-with-usb
usa-pop-up-outlets,US Products,point-pod-connect-silver-counter-pop-up-outlet
v15-range,V15 Range,v15-quad-sided-black-pop-up-outlet-with-usb-and-qi
v15-range,V15 Range,v15-white-pop-up-outlet
v15-range,V15 Range,v15-white-pop-up-outlet-with-usb-and-qi
v16-range,V16 Range,v16s-silver-pop-up-outlet-with-light-and-65w-usb-c
v16-range,V16 Range,v16b-black-pop-up-outlet-with-light-65w-usb-c
v3-range-motorized-pop-up-outlet,V3 Range,v3c-motorized-pop-up-outlet-with-usb
v3-range-motorized-pop-up-outlet,V3 Range,v3cw-white-motorized-pop-up-outlet-with-usb
v3-range-motorized-pop-up-outlet,V3 Range,v3cs-motorized-pop-up-outlet-with-usb
