handle,title,meta_title,meta_description
v16-pop-up-outlet-with-light-65w-usb-c,V16: Pop Up Outlet with Light & 65W USB-C,V16 Pop Up Outlet - 65W USB-C + Wireless Charging + Light,"Premium pop-up kitchen outlet with 65W USB-C fast charging, wireless Qi charging, LED light & gas-strut mechanism. Flush-mount design for islands & desks."
v15-quad-sided-pop-up-outlet-with-usb-and-qi,V15: Quad-Sided Pop Up Outlet with USB and Qi,V15 Pop Up Outlet with USB-C & Wireless Charging,"Quad-sided pop up countertop outlet with 4 AC sockets, USB-A, USB-C & Qi wireless charging. Gas-strut operation, 15A capacity. UL listed. $149.95"
v3c-motorized-pop-up-outlet-with-usb,V3C: Motorized Pop Up Outlet with USB,V3C Motorized Pop Up Outlet with USB & Wireless Charging,"Motorized kitchen countertop outlet with USB-C, USB-A, Qi wireless charging & spill-sealed lid. One-touch access to hidden power. Free shipping. $249.95."
point-pod-connect-kitchen-pop-up-outlet,Point Pod Connect Kitchen Counter Pop Up Outlet,Point Pod Connect Pop Up Outlet - Motorized Counter Power,"Motorized kitchen pop up outlet with USB-C charging. Customize with your countertop material for seamless integration. UL certified, 15A rated. Black or silver."
v15-white-pop-up-outlet,V15: Quad Sided Gas-Strut Pop Up Power Outlet,V15 Pop Up Outlet - Gas Strut USB-C & Qi Charging,"Premium gas-strut pop up power outlet with 4 US sockets, USB-A, USB-C & Qi wireless charging. Seamless design, 15-amp capacity. UL listed. $89.95."
hubbell-tri-power-countertop-pop-up-receptacle,Hubbell Tri-Power Countertop Pop Up Receptacle,Hubbell Tri-Power Pop Up Outlet | USB-C & Qi Charging,"Premium countertop pop up receptacle with AC outlets, USB-C, USB-A & wireless Qi charging. Spill-sealed design. 15A/20A options. 7 finishes. UL-listed."
hubbell-dual-sided-pop-up-electrical-outlet,Hubbell Dual-Sided Countertop Pop Up Receptacle,Hubbell Dual-Sided Pop Up Outlet | Kitchen Countertop Power,"Premium Hubbell pop up countertop outlet with dual-sided access, spill-sealed lid, and 15A/20A options. Available in 7 finishes with surface or flush mount."
hole-saw-4-for-point-pod,"4"" 102mm Hole Saw Made for Point Pod",102mm Point Pod Hole Saw - Professional Installation Tool,"Precision 102mm hole saw engineered for Point Pod pop-up outlet installation in stone countertops. Diamond-coated, 5/8-11 thread for professional results."
gfci-adapter,GFCI Adapter Outlet with Automatic Reset,GFCI01 Adapter Outlet with Automatic Reset - 15A,GFCI adapter outlet with automatic reset for pop-up countertop outlets. 15A UL-listed protection for kitchen outlets near water. Installs in seconds.
