product_id,product_handle,position,image_id,image_url,local_path,width,height,variant_ids
8121980551277,v16b-black-pop-up-outlet-with-light-65w-usb-c,1,38532108419181,https://cdn.shopify.com/s/files/1/0564/0208/3949/files/modern-power-web-v16b-us-primary-image.webp?v=1781248453,images/v16b-black-pop-up-outlet-with-light-65w-usb-c/01-modern-power-web-v16b-us-primary-image.webp,600,600,
8121980551277,v16b-black-pop-up-outlet-with-light-65w-usb-c,2,38532054909037,https://cdn.shopify.com/s/files/1/0564/0208/3949/files/modern-power-web-compressed-03.webp?v=1781248178,images/v16b-black-pop-up-outlet-with-light-65w-usb-c/02-modern-power-web-compressed-03.webp,2000,2000,
8121980551277,v16b-black-pop-up-outlet-with-light-65w-usb-c,3,38532053827693,https://cdn.shopify.com/s/files/1/0564/0208/3949/files/modern-power-web-compressed-01.webp?v=1781248174,images/v16b-black-pop-up-outlet-with-light-65w-usb-c/03-modern-power-web-compressed-01.webp,2000,2000,
8121980551277,v16b-black-pop-up-outlet-with-light-65w-usb-c,4,38532062216301,https://cdn.shopify.com/s/files/1/0564/0208/3949/files/modern-power-web-compressed-19.webp?v=1781248203,images/v16b-black-pop-up-outlet-with-light-65w-usb-c/04-modern-power-web-compressed-19.webp,2000,2000,
8121980551277,v16b-black-pop-up-outlet-with-light-65w-usb-c,5,38532062937197,https://cdn.shopify.com/s/files/1/0564/0208/3949/files/modern-power-web-compressed-21.webp?v=1781248206,images/v16b-black-pop-up-outlet-with-light-65w-usb-c/05-modern-power-web-compressed-21.webp,2000,2000,
8121980551277,v16b-black-pop-up-outlet-with-light-65w-usb-c,6,38532055695469,https://cdn.shopify.com/s/files/1/0564/0208/3949/files/modern-power-web-compressed-05.webp?v=1781248182,images/v16b-black-pop-up-outlet-with-light-65w-usb-c/06-modern-power-web-compressed-05.webp,2000,2000,
8121980551277,v16b-black-pop-up-outlet-with-light-65w-usb-c,7,38532060807277,https://cdn.shopify.com/s/files/1/0564/0208/3949/files/modern-power-web-compressed-15.webp?v=1781248198,images/v16b-black-pop-up-outlet-with-light-65w-usb-c/07-modern-power-web-compressed-15.webp,2000,2000,
8121980551277,v16b-black-pop-up-outlet-with-light-65w-usb-c,8,38532059758701,https://cdn.shopify.com/s/files/1/0564/0208/3949/files/modern-power-web-compressed-13.webp?v=1781248194,images/v16b-black-pop-up-outlet-with-light-65w-usb-c/08-modern-power-web-compressed-13.webp,2000,2000,
8121980551277,v16b-black-pop-up-outlet-with-light-65w-usb-c,9,38532056645741,https://cdn.shopify.com/s/files/1/0564/0208/3949/files/modern-power-web-compressed-07.webp?v=1781248185,images/v16b-black-pop-up-outlet-with-light-65w-usb-c/09-modern-power-web-compressed-07.webp,2000,2000,
8119402397805,v16s-silver-pop-up-outlet-with-light-and-65w-usb-c,1,38510654259309,https://cdn.shopify.com/s/files/1/0564/0208/3949/files/modern-power-web-v16s-us-primary-image.webp?v=1781074159,images/v16s-silver-pop-up-outlet-with-light-and-65w-usb-c/01-modern-power-web-v16s-us-primary-image.webp,990,990,
8119402397805,v16s-silver-pop-up-outlet-with-light-and-65w-usb-c,2,38510647738477,https://cdn.shopify.com/s/files/1/0564/0208/3949/files/modern-power-web-compressed-v16s-us-product-image-03.webp?v=1781073880,images/v16s-silver-pop-up-outlet-with-light-and-65w-usb-c/02-modern-power-web-compressed-v16s-us-product-image-03.webp,2000,2000,
8119402397805,v16s-silver-pop-up-outlet-with-light-and-65w-usb-c,3,38510647541869,https://cdn.shopify.com/s/files/1/0564/0208/3949/files/modern-power-web-compressed-v16s-us-product-image-09.webp?v=1781073880,images/v16s-silver-pop-up-outlet-with-light-and-65w-usb-c/03-modern-power-web-compressed-v16s-us-product-image-09.webp,2000,2000,
8119402397805,v16s-silver-pop-up-outlet-with-light-and-65w-usb-c,4,38510647574637,https://cdn.shopify.com/s/files/1/0564/0208/3949/files/modern-power-web-compressed-v16s-us-product-image-08.webp?v=1781073880,images/v16s-silver-pop-up-outlet-with-light-and-65w-usb-c/04-modern-power-web-compressed-v16s-us-product-image-08.webp,2000,2000,
8119402397805,v16s-silver-pop-up-outlet-with-light-and-65w-usb-c,5,38510647476333,https://cdn.shopify.com/s/files/1/0564/0208/3949/files/modern-power-web-compressed-v16s-us-product-image-11.webp?v=1781073880,images/v16s-silver-pop-up-outlet-with-light-and-65w-usb-c/05-modern-power-web-compressed-v16s-us-product-image-11.webp,2000,2000,
8119402397805,v16s-silver-pop-up-outlet-with-light-and-65w-usb-c,6,38510647443565,https://cdn.shopify.com/s/files/1/0564/0208/3949/files/modern-power-web-compressed-v16s-us-product-image-12.webp?v=1781073880,images/v16s-silver-pop-up-outlet-with-light-and-65w-usb-c/06-modern-power-web-compressed-v16s-us-product-image-12.webp,2000,2000,
8119402397805,v16s-silver-pop-up-outlet-with-light-and-65w-usb-c,7,38510647705709,https://cdn.shopify.com/s/files/1/0564/0208/3949/files/modern-power-web-compressed-v16s-us-product-image-04.webp?v=1781073880,images/v16s-silver-pop-up-outlet-with-light-and-65w-usb-c/07-modern-power-web-compressed-v16s-us-product-image-04.webp,2000,2000,
8119402397805,v16s-silver-pop-up-outlet-with-light-and-65w-usb-c,8,38510647509101,https://cdn.shopify.com/s/files/1/0564/0208/3949/files/modern-power-web-compressed-v16s-us-product-image-10.webp?v=1781073880,images/v16s-silver-pop-up-outlet-with-light-and-65w-usb-c/08-modern-power-web-compressed-v16s-us-product-image-10.webp,1125,2000,
8119402397805,v16s-silver-pop-up-outlet-with-light-and-65w-usb-c,9,38510647672941,https://cdn.shopify.com/s/files/1/0564/0208/3949/files/modern-power-web-compressed-v16s-us-product-image-05.webp?v=1781073880,images/v16s-silver-pop-up-outlet-with-light-and-65w-usb-c/09-modern-power-web-compressed-v16s-us-product-image-05.webp,2000,2000,
8119309598829,v15-quad-sided-black-pop-up-outlet-with-usb-and-qi,1,38508677333101,https://cdn.shopify.com/s/files/1/0564/0208/3949/files/modern-power-web-V15PWUB-US-primary-image-whitebg.webp?v=1781053756,images/v15-quad-sided-black-pop-up-outlet-with-usb-and-qi/01-modern-power-web-V15PWUB-US-primary-image-whitebg.webp,990,990,
8119309598829,v15-quad-sided-black-pop-up-outlet-with-usb-and-qi,2,38508670812269,https://cdn.shopify.com/s/files/1/0564/0208/3949/files/modern-power-web-compressed-v15pwub-black-pop-up-outlet-main-image01.webp?v=1781053562,images/v15-quad-sided-black-pop-up-outlet-with-usb-and-qi/02-modern-power-web-compressed-v15pwub-black-pop-up-outlet-main-image01.webp,2000,2000,
8119309598829,v15-quad-sided-black-pop-up-outlet-with-usb-and-qi,3,38508670713965,https://cdn.shopify.com/s/files/1/0564/0208/3949/files/modern-power-web-compressed-v15pwub-black-pop-up-outlet-main-image02.webp?v=1781053562,images/v15-quad-sided-black-pop-up-outlet-with-usb-and-qi/03-modern-power-web-compressed-v15pwub-black-pop-up-outlet-main-image02.webp,2000,2000,
8119309598829,v15-quad-sided-black-pop-up-outlet-with-usb-and-qi,4,38508670746733,https://cdn.shopify.com/s/files/1/0564/0208/3949/files/modern-power-web-compressed-v15pwub-black-pop-up-outlet-main-image03.webp?v=1781053562,images/v15-quad-sided-black-pop-up-outlet-with-usb-and-qi/04-modern-power-web-compressed-v15pwub-black-pop-up-outlet-main-image03.webp,2000,2000,
8119309598829,v15-quad-sided-black-pop-up-outlet-with-usb-and-qi,5,38508670681197,https://cdn.shopify.com/s/files/1/0564/0208/3949/files/modern-power-web-compressed-v15pwub-black-pop-up-outlet-main-image04.webp?v=1781053562,images/v15-quad-sided-black-pop-up-outlet-with-usb-and-qi/05-modern-power-web-compressed-v15pwub-black-pop-up-outlet-main-image04.webp,2000,2000,
8119309598829,v15-quad-sided-black-pop-up-outlet-with-usb-and-qi,6,38508670648429,https://cdn.shopify.com/s/files/1/0564/0208/3949/files/modern-power-web-compressed-v15pwub-black-pop-up-outlet-main-image05.webp?v=1781053562,images/v15-quad-sided-black-pop-up-outlet-with-usb-and-qi/06-modern-power-web-compressed-v15pwub-black-pop-up-outlet-main-image05.webp,2000,2000,
8119309598829,v15-quad-sided-black-pop-up-outlet-with-usb-and-qi,7,38508670845037,https://cdn.shopify.com/s/files/1/0564/0208/3949/files/modern-power-web-compressed-v15pwub-black-pop-up-outlet-main-image06.webp?v=1781053562,images/v15-quad-sided-black-pop-up-outlet-with-usb-and-qi/07-modern-power-web-compressed-v15pwub-black-pop-up-outlet-main-image06.webp,2000,2000,
8119309598829,v15-quad-sided-black-pop-up-outlet-with-usb-and-qi,8,38508670779501,https://cdn.shopify.com/s/files/1/0564/0208/3949/files/modern-power-web-compressed-v15pwub-black-pop-up-outlet-main-image07.webp?v=1781053562,images/v15-quad-sided-black-pop-up-outlet-with-usb-and-qi/08-modern-power-web-compressed-v15pwub-black-pop-up-outlet-main-image07.webp,2000,2000,
8119309598829,v15-quad-sided-black-pop-up-outlet-with-usb-and-qi,9,38508704596077,https://cdn.shopify.com/s/files/1/0564/0208/3949/files/modern-power-web-V15PWUB-US-table-cut-image-whitebg-2.webp?v=1781054063,images/v15-quad-sided-black-pop-up-outlet-with-usb-and-qi/09-modern-power-web-V15PWUB-US-table-cut-image-whitebg-2.webp,990,990,
8119309598829,v15-quad-sided-black-pop-up-outlet-with-usb-and-qi,10,38508704628845,https://cdn.shopify.com/s/files/1/0564/0208/3949/files/modern-power-web-V15PWUB-US-table-cut-image-whitebg.webp?v=1781054063,images/v15-quad-sided-black-pop-up-outlet-with-usb-and-qi/10-modern-power-web-V15PWUB-US-table-cut-image-whitebg.webp,990,990,
8061391700077,v14wb-white-quad-sided-pop-up-power-outlet,1,38031890186349,https://cdn.shopify.com/s/files/1/0564/0208/3949/files/modern-power-web-v14jw-pop-up-outlet-primary_a04d0b33-0498-41de-8b6a-e721236fe7f8.webp?v=1776509896,images/v14wb-white-quad-sided-pop-up-power-outlet/01-modern-power-web-v14jw-pop-up-outlet-primary_a04d0b33-0498-41de-8b6a-e721236fe7f8.webp,1500,1500,
8061391700077,v14wb-white-quad-sided-pop-up-power-outlet,2,38031890153581,https://cdn.shopify.com/s/files/1/0564/0208/3949/files/modern-power-web-v14jw-pop-up-outlet-body.webp?v=1776509930,images/v14wb-white-quad-sided-pop-up-power-outlet/02-modern-power-web-v14jw-pop-up-outlet-body.webp,1500,1500,
8061391700077,v14wb-white-quad-sided-pop-up-power-outlet,3,38031890350189,https://cdn.shopify.com/s/files/1/0564/0208/3949/files/modern-power-web-v14jw-pop-up-outlet-body-2.webp?v=1776509930,images/v14wb-white-quad-sided-pop-up-power-outlet/03-modern-power-web-v14jw-pop-up-outlet-body-2.webp,1500,1500,
8061391700077,v14wb-white-quad-sided-pop-up-power-outlet,4,38031890120813,https://cdn.shopify.com/s/files/1/0564/0208/3949/files/modern-power-web-v14jw-pop-up-outlet-top.webp?v=1776508388,images/v14wb-white-quad-sided-pop-up-power-outlet/04-modern-power-web-v14jw-pop-up-outlet-top.webp,1500,1500,
8061391700077,v14wb-white-quad-sided-pop-up-power-outlet,5,38031890415725,https://cdn.shopify.com/s/files/1/0564/0208/3949/files/modern-power-web-v14jw-pop-up-outlet-wireless-charging-cables-2.webp?v=1776508389,images/v14wb-white-quad-sided-pop-up-power-outlet/05-modern-power-web-v14jw-pop-up-outlet-wireless-charging-cables-2.webp,1500,1500,
8061391700077,v14wb-white-quad-sided-pop-up-power-outlet,6,38031890284653,https://cdn.shopify.com/s/files/1/0564/0208/3949/files/modern-power-web-v14jw-pop-up-outlet-wireless-charging-cables.webp?v=1776508388,images/v14wb-white-quad-sided-pop-up-power-outlet/06-modern-power-web-v14jw-pop-up-outlet-wireless-charging-cables.webp,1500,1500,
8061391700077,v14wb-white-quad-sided-pop-up-power-outlet,7,38031890219117,https://cdn.shopify.com/s/files/1/0564/0208/3949/files/modern-power-web-v14jw-pop-up-outlet-wireless-charging-open.webp?v=1776508388,images/v14wb-white-quad-sided-pop-up-power-outlet/07-modern-power-web-v14jw-pop-up-outlet-wireless-charging-open.webp,1500,1500,
8061391700077,v14wb-white-quad-sided-pop-up-power-outlet,8,38031890317421,https://cdn.shopify.com/s/files/1/0564/0208/3949/files/modern-power-web-v14jw-pop-up-outlet-wireless-charging-retracted.webp?v=1776508388,images/v14wb-white-quad-sided-pop-up-power-outlet/08-modern-power-web-v14jw-pop-up-outlet-wireless-charging-retracted.webp,1500,1500,
8061391700077,v14wb-white-quad-sided-pop-up-power-outlet,9,38031890251885,https://cdn.shopify.com/s/files/1/0564/0208/3949/files/modern-power-web-v14jw-pop-up-outlet-wireless-charging-underside.webp?v=1776508388,images/v14wb-white-quad-sided-pop-up-power-outlet/09-modern-power-web-v14jw-pop-up-outlet-wireless-charging-underside.webp,1500,1500,
8061391700077,v14wb-white-quad-sided-pop-up-power-outlet,10,38041266094189,https://cdn.shopify.com/s/files/1/0564/0208/3949/files/modern-power-web-v14jw-pop-up-outlet-template-drawing-dimensions_2cb467c5-359b-4396-b018-67c63d468f64.webp?v=1776655987,images/v14wb-white-quad-sided-pop-up-power-outlet/10-modern-power-web-v14jw-pop-up-outlet-template-drawing-dimensions_2cb467c5-359b-4396-b018-67c63d468f64.webp,1500,1500,
8060124495981,v14jb-quad-sided-pop-up-power-outlet,1,38024370978925,https://cdn.shopify.com/s/files/1/0564/0208/3949/files/modern-power-web-v14jb-pop-up-outlet-primary-2.webp?v=1776408298,images/v14jb-quad-sided-pop-up-power-outlet/01-modern-power-web-v14jb-pop-up-outlet-primary-2.webp,1500,1500,
8060124495981,v14jb-quad-sided-pop-up-power-outlet,2,38031427993709,https://cdn.shopify.com/s/files/1/0564/0208/3949/files/modern-power-web-v14jb-grey-pop-up-outlet-body-image.webp?v=1776499376,images/v14jb-quad-sided-pop-up-power-outlet/02-modern-power-web-v14jb-grey-pop-up-outlet-body-image.webp,1500,1500,
8060124495981,v14jb-quad-sided-pop-up-power-outlet,3,38031445721197,https://cdn.shopify.com/s/files/1/0564/0208/3949/files/modern-power-web-v14jb-grey-pop-up-outlet-wireless-charging-up-image.webp?v=1776499531,images/v14jb-quad-sided-pop-up-power-outlet/03-modern-power-web-v14jb-grey-pop-up-outlet-wireless-charging-up-image.webp,1500,1500,
8060124495981,v14jb-quad-sided-pop-up-power-outlet,4,38031445753965,https://cdn.shopify.com/s/files/1/0564/0208/3949/files/modern-power-web-v14jb-grey-pop-up-outlet-wireless-charging-image.webp?v=1776499531,images/v14jb-quad-sided-pop-up-power-outlet/04-modern-power-web-v14jb-grey-pop-up-outlet-wireless-charging-image.webp,1500,1500,
8060124495981,v14jb-quad-sided-pop-up-power-outlet,5,38031445852269,https://cdn.shopify.com/s/files/1/0564/0208/3949/files/modern-power-web-v14jb-grey-pop-up-outlet-lid-image.webp?v=1776499640,images/v14jb-quad-sided-pop-up-power-outlet/05-modern-power-web-v14jb-grey-pop-up-outlet-lid-image.webp,1500,1500,
8060124495981,v14jb-quad-sided-pop-up-power-outlet,6,38031445885037,https://cdn.shopify.com/s/files/1/0564/0208/3949/files/modern-power-web-v14jb-grey-pop-up-outlet-close-under-side-image.webp?v=1776499640,images/v14jb-quad-sided-pop-up-power-outlet/06-modern-power-web-v14jb-grey-pop-up-outlet-close-under-side-image.webp,1500,1500,
8060124495981,v14jb-quad-sided-pop-up-power-outlet,7,38031445786733,https://cdn.shopify.com/s/files/1/0564/0208/3949/files/modern-power-web-v14jb-grey-pop-up-outlet-under-side-image.webp?v=1776499640,images/v14jb-quad-sided-pop-up-power-outlet/07-modern-power-web-v14jb-grey-pop-up-outlet-under-side-image.webp,1500,1500,
8060124495981,v14jb-quad-sided-pop-up-power-outlet,8,38041263177837,https://cdn.shopify.com/s/files/1/0564/0208/3949/files/modern-power-web-v14jb-dimensions-spec-sheet-template-drawing_574fe684-67e1-4868-9eb7-8d887816a4de.webp?v=1776655934,images/v14jb-quad-sided-pop-up-power-outlet/08-modern-power-web-v14jb-dimensions-spec-sheet-template-drawing_574fe684-67e1-4868-9eb7-8d887816a4de.webp,2500,2500,
7699418546285,v3lw-white-motorised-pop-up-power-socket,1,34882800386157,https://cdn.shopify.com/s/files/1/0564/0208/3949/files/modern-power-web-v3lw-main.webp?v=1753969243,images/v3lw-white-motorised-pop-up-power-socket/01-modern-power-web-v3lw-main.webp,990,990,
7699418546285,v3lw-white-motorised-pop-up-power-socket,2,34890008920173,https://cdn.shopify.com/s/files/1/0564/0208/3949/files/modern-power-web-v3lw-primary-images-4.webp?v=1754050932,images/v3lw-white-motorised-pop-up-power-socket/02-modern-power-web-v3lw-primary-images-4.webp,3000,3000,
7699418546285,v3lw-white-motorised-pop-up-power-socket,3,34890008887405,https://cdn.shopify.com/s/files/1/0564/0208/3949/files/modern-power-web-v3lw-primary-images-2.webp?v=1754050932,images/v3lw-white-motorised-pop-up-power-socket/03-modern-power-web-v3lw-primary-images-2.webp,3000,3000,
7699418546285,v3lw-white-motorised-pop-up-power-socket,4,34890008559725,https://cdn.shopify.com/s/files/1/0564/0208/3949/files/modern-power-web-v3lw-primary-images-3.webp?v=1754050932,images/v3lw-white-motorised-pop-up-power-socket/04-modern-power-web-v3lw-primary-images-3.webp,3000,3000,
7699418546285,v3lw-white-motorised-pop-up-power-socket,5,34890008690797,https://cdn.shopify.com/s/files/1/0564/0208/3949/files/modern-power-web-v3lw-primary-images-11.webp?v=1754050932,images/v3lw-white-motorised-pop-up-power-socket/05-modern-power-web-v3lw-primary-images-11.webp,3000,3000,
7699418546285,v3lw-white-motorised-pop-up-power-socket,6,34890008625261,https://cdn.shopify.com/s/files/1/0564/0208/3949/files/modern-power-web-v3lw-primary-images-6.webp?v=1754050932,images/v3lw-white-motorised-pop-up-power-socket/06-modern-power-web-v3lw-primary-images-6.webp,3000,3000,
7699418546285,v3lw-white-motorised-pop-up-power-socket,7,34890008756333,https://cdn.shopify.com/s/files/1/0564/0208/3949/files/modern-power-web-v3lw-primary-images-7.webp?v=1754050932,images/v3lw-white-motorised-pop-up-power-socket/07-modern-power-web-v3lw-primary-images-7.webp,3000,3000,
7699418546285,v3lw-white-motorised-pop-up-power-socket,8,34890008658029,https://cdn.shopify.com/s/files/1/0564/0208/3949/files/modern-power-web-v3lw-primary-images-8.webp?v=1754050932,images/v3lw-white-motorised-pop-up-power-socket/08-modern-power-web-v3lw-primary-images-8.webp,3000,3000,
7699418546285,v3lw-white-motorised-pop-up-power-socket,9,34890008821869,https://cdn.shopify.com/s/files/1/0564/0208/3949/files/modern-power-web-v3lw-primary-images-9.webp?v=1754050932,images/v3lw-white-motorised-pop-up-power-socket/09-modern-power-web-v3lw-primary-images-9.webp,3000,3000,
7699418546285,v3lw-white-motorised-pop-up-power-socket,10,31179953930349,https://cdn.shopify.com/s/files/1/0564/0208/3949/files/V3L_AU_Plug.jpg?v=1754050932,images/v3lw-white-motorised-pop-up-power-socket/10-V3L_AU_Plug.jpg,1500,1500,
7699418546285,v3lw-white-motorised-pop-up-power-socket,11,31179953176685,https://cdn.shopify.com/s/files/1/0564/0208/3949/files/V3L_WhiteBG_Hole.jpg?v=1754050932,images/v3lw-white-motorised-pop-up-power-socket/11-V3L_WhiteBG_Hole.jpg,1500,1500,
7696228319341,v15-white-pop-up-outlet-with-usb-and-qi,1,34857449914477,https://cdn.shopify.com/s/files/1/0564/0208/3949/files/modern-power-web-V15PWUW-US-primary-image-whitebg.webp?v=1753722549,images/v15-white-pop-up-outlet-with-usb-and-qi/01-modern-power-web-V15PWUW-US-primary-image-whitebg.webp,990,990,
7696228319341,v15-white-pop-up-outlet-with-usb-and-qi,2,34857732767853,https://cdn.shopify.com/s/files/1/0564/0208/3949/files/modern-power-web-V15PWUW-US-secondary-image-1-whitebg.webp?v=1753725682,images/v15-white-pop-up-outlet-with-usb-and-qi/02-modern-power-web-V15PWUW-US-secondary-image-1-whitebg.webp,990,990,
7696228319341,v15-white-pop-up-outlet-with-usb-and-qi,3,34857728180333,https://cdn.shopify.com/s/files/1/0564/0208/3949/files/modern-power-web-V15PWUW-US-secondary-image-2-whitebg.webp?v=1753725682,images/v15-white-pop-up-outlet-with-usb-and-qi/03-modern-power-web-V15PWUW-US-secondary-image-2-whitebg.webp,990,990,
7696228319341,v15-white-pop-up-outlet-with-usb-and-qi,4,34857727656045,https://cdn.shopify.com/s/files/1/0564/0208/3949/files/modern-power-web-V15P-US-plug-cable-image-whitebg.webp?v=1753725682,images/v15-white-pop-up-outlet-with-usb-and-qi/04-modern-power-web-V15P-US-plug-cable-image-whitebg.webp,990,990,
7696228319341,v15-white-pop-up-outlet-with-usb-and-qi,5,34857732800621,https://cdn.shopify.com/s/files/1/0564/0208/3949/files/modern-power-web-V15PWUW-US-secondary-image-3-whitebg.webp?v=1753725682,images/v15-white-pop-up-outlet-with-usb-and-qi/05-modern-power-web-V15PWUW-US-secondary-image-3-whitebg.webp,990,990,
7696228319341,v15-white-pop-up-outlet-with-usb-and-qi,6,34857732833389,https://cdn.shopify.com/s/files/1/0564/0208/3949/files/modern-power-web-V15PWUW-US-secondary-image-4-whitebg.webp?v=1753725682,images/v15-white-pop-up-outlet-with-usb-and-qi/06-modern-power-web-V15PWUW-US-secondary-image-4-whitebg.webp,990,990,
7696228319341,v15-white-pop-up-outlet-with-usb-and-qi,7,34857740271725,https://cdn.shopify.com/s/files/1/0564/0208/3949/files/modern-power-web-V15PWUW-US-secondary-image-5-whitebg.webp?v=1753725682,images/v15-white-pop-up-outlet-with-usb-and-qi/07-modern-power-web-V15PWUW-US-secondary-image-5-whitebg.webp,990,990,
7696228319341,v15-white-pop-up-outlet-with-usb-and-qi,8,34857732735085,https://cdn.shopify.com/s/files/1/0564/0208/3949/files/modern-power-web-V15PWUW-US-size-dimensions-whitebg.webp?v=1753725682,images/v15-white-pop-up-outlet-with-usb-and-qi/08-modern-power-web-V15PWUW-US-size-dimensions-whitebg.webp,990,990,
7696220160109,v15-white-pop-up-outlet,1,34857412296813,https://cdn.shopify.com/s/files/1/0564/0208/3949/files/modern-power-web-V15PW-US-primary-image-whitebg.webp?v=1753721957,images/v15-white-pop-up-outlet/01-modern-power-web-V15PW-US-primary-image-whitebg.webp,990,990,
7696220160109,v15-white-pop-up-outlet,2,34857727623277,https://cdn.shopify.com/s/files/1/0564/0208/3949/files/modern-power-web-V15PW-US-secondary-image-1-whitebg.webp?v=1753725534,images/v15-white-pop-up-outlet/02-modern-power-web-V15PW-US-secondary-image-1-whitebg.webp,990,990,
7696220160109,v15-white-pop-up-outlet,3,34857727656045,https://cdn.shopify.com/s/files/1/0564/0208/3949/files/modern-power-web-V15P-US-plug-cable-image-whitebg.webp?v=1753725682,images/v15-white-pop-up-outlet/03-modern-power-web-V15P-US-plug-cable-image-whitebg.webp,990,990,
7696220160109,v15-white-pop-up-outlet,4,34857727688813,https://cdn.shopify.com/s/files/1/0564/0208/3949/files/modern-power-web-V15PW-US-secondary-image-2-whitebg.webp?v=1753725466,images/v15-white-pop-up-outlet/04-modern-power-web-V15PW-US-secondary-image-2-whitebg.webp,990,990,
7696220160109,v15-white-pop-up-outlet,5,34857727721581,https://cdn.shopify.com/s/files/1/0564/0208/3949/files/modern-power-web-V15PW-US-size-dimensions-whitebg.webp?v=1753725466,images/v15-white-pop-up-outlet/05-modern-power-web-V15PW-US-size-dimensions-whitebg.webp,990,990,
7696220160109,v15-white-pop-up-outlet,6,34857728180333,https://cdn.shopify.com/s/files/1/0564/0208/3949/files/modern-power-web-V15PWUW-US-secondary-image-2-whitebg.webp?v=1753725682,images/v15-white-pop-up-outlet/06-modern-power-web-V15PWUW-US-secondary-image-2-whitebg.webp,990,990,
7643037466733,hubbell-tri-power-countertop-pop-up-receptacle,1,34408873197677,https://cdn.shopify.com/s/files/1/0564/0208/3949/files/modern-power-web-hubbell-tri-power-countertop-pop-up-receptacle.webp?v=1748489788,images/hubbell-tri-power-countertop-pop-up-receptacle/01-modern-power-web-hubbell-tri-power-countertop-pop-up-receptacle.webp,990,990,
7643037466733,hubbell-tri-power-countertop-pop-up-receptacle,2,34408935555181,https://cdn.shopify.com/s/files/1/0564/0208/3949/files/modern-power-web-hubbell-tri-power-countertop-pop-up-receptacle-back.webp?v=1748489788,images/hubbell-tri-power-countertop-pop-up-receptacle/02-modern-power-web-hubbell-tri-power-countertop-pop-up-receptacle-back.webp,1500,1500,
7643037466733,hubbell-tri-power-countertop-pop-up-receptacle,3,34154616127597,https://cdn.shopify.com/s/files/1/0564/0208/3949/files/WBP_RCT620W_whitetrim_whitecover_ACPlug_alt1_PRODIMAGE_515.webp?v=1748489788,images/hubbell-tri-power-countertop-pop-up-receptacle/03-WBP_RCT620W_whitetrim_whitecover_ACPlug_alt1_PRODIMAGE_515.webp,515,515,
7643037466733,hubbell-tri-power-countertop-pop-up-receptacle,4,34154616160365,https://cdn.shopify.com/s/files/1/0564/0208/3949/files/WBP_RCT600W_TriPower_withwhitetrimandwhitecover_USBports_515.webp?v=1748489788,images/hubbell-tri-power-countertop-pop-up-receptacle/04-WBP_RCT600W_TriPower_withwhitetrimandwhitecover_USBports_515.webp,515,515,
7643037466733,hubbell-tri-power-countertop-pop-up-receptacle,5,34409030090861,https://cdn.shopify.com/s/files/1/0564/0208/3949/files/modern-power-web-hubbell-tri-power-countertop-pop-up-receptacle-top.webp?v=1748489788,images/hubbell-tri-power-countertop-pop-up-receptacle/05-modern-power-web-hubbell-tri-power-countertop-pop-up-receptacle-top.webp,1500,1500,
7643037466733,hubbell-tri-power-countertop-pop-up-receptacle,6,34409030123629,https://cdn.shopify.com/s/files/1/0564/0208/3949/files/modern-power-web-hubbell-tri-power-countertop-pop-up-receptacle-spills.webp?v=1748489788,images/hubbell-tri-power-countertop-pop-up-receptacle/06-modern-power-web-hubbell-tri-power-countertop-pop-up-receptacle-spills.webp,1500,1500,
7643037466733,hubbell-tri-power-countertop-pop-up-receptacle,7,34409035366509,https://cdn.shopify.com/s/files/1/0564/0208/3949/files/modern-power-web-hubbell-tri-power-countertop-pop-up-receptacle-wireless-charging-down.webp?v=1748489788,images/hubbell-tri-power-countertop-pop-up-receptacle/07-modern-power-web-hubbell-tri-power-countertop-pop-up-receptacle-wireless-charging-down.webp,1500,1500,
7643037466733,hubbell-tri-power-countertop-pop-up-receptacle,8,34409035399277,https://cdn.shopify.com/s/files/1/0564/0208/3949/files/modern-power-web-hubbell-tri-power-countertop-pop-up-receptacle-wireless-charging-up.webp?v=1748489788,images/hubbell-tri-power-countertop-pop-up-receptacle/08-modern-power-web-hubbell-tri-power-countertop-pop-up-receptacle-wireless-charging-up.webp,1500,1500,
7643037466733,hubbell-tri-power-countertop-pop-up-receptacle,9,34408958951533,https://cdn.shopify.com/s/files/1/0564/0208/3949/files/modern-power-web-hubbell-tri-power-countertop-pop-up-receptacle-back_1.webp?v=1748489788,images/hubbell-tri-power-countertop-pop-up-receptacle/09-modern-power-web-hubbell-tri-power-countertop-pop-up-receptacle-back_1.webp,1500,1500,
7643037466733,hubbell-tri-power-countertop-pop-up-receptacle,10,34154601971821,https://cdn.shopify.com/s/files/1/0564/0208/3949/files/WBP_RCT600BZE_PRODIMAGE_515.webp?v=1748489788,images/hubbell-tri-power-countertop-pop-up-receptacle/10-WBP_RCT600BZE_PRODIMAGE_515.webp,515,515,42358951706733
7643037466733,hubbell-tri-power-countertop-pop-up-receptacle,11,34154603282541,https://cdn.shopify.com/s/files/1/0564/0208/3949/files/WBP_RCT600BR_PRODIMAGE_515_b88976f3-a896-41f4-9fc1-8b696cb9772f.webp?v=1748489788,images/hubbell-tri-power-countertop-pop-up-receptacle/11-WBP_RCT600BR_PRODIMAGE_515_b88976f3-a896-41f4-9fc1-8b696cb9772f.webp,515,515,42358951641197
7643037466733,hubbell-tri-power-countertop-pop-up-receptacle,12,34154603479149,https://cdn.shopify.com/s/files/1/0564/0208/3949/files/WBP_RCT600BK_PRODIMAGE_515_061d62ef-320e-4da3-b204-ab1097077341.webp?v=1748489788,images/hubbell-tri-power-countertop-pop-up-receptacle/12-WBP_RCT600BK_PRODIMAGE_515_061d62ef-320e-4da3-b204-ab1097077341.webp,515,515,42358951575661
7643037466733,hubbell-tri-power-countertop-pop-up-receptacle,13,34154603675757,https://cdn.shopify.com/s/files/1/0564/0208/3949/files/WBP_RCT620CH_chrome_trim_white_cover_AC_Plug_main1_PRODIMAGE_515_88427a20-8e8a-46f9-9f46-8fcb268e455d.webp?v=1748489788,images/hubbell-tri-power-countertop-pop-up-receptacle/13-WBP_RCT620CH_chrome_trim_white_cover_AC_Plug_main1_PRODIMAGE_515_88427a20-8e8a-46f9-9f46-8fcb268e455d.webp,515,515,
7643037466733,hubbell-tri-power-countertop-pop-up-receptacle,14,34154603839597,https://cdn.shopify.com/s/files/1/0564/0208/3949/files/WBP_RCT600ALU_PRODIMAGE_515_c7abd14d-3cfd-4c24-aa9d-e235615549f8.webp?v=1748489788,images/hubbell-tri-power-countertop-pop-up-receptacle/14-WBP_RCT600ALU_PRODIMAGE_515_c7abd14d-3cfd-4c24-aa9d-e235615549f8.webp,515,515,42358951444589
7643037466733,hubbell-tri-power-countertop-pop-up-receptacle,15,34154604626029,https://cdn.shopify.com/s/files/1/0564/0208/3949/files/WBP_RCT600NI_PRODIMAGE_515_2c44f9e1-7256-46a9-b036-8658450b6f6b.webp?v=1748489788,images/hubbell-tri-power-countertop-pop-up-receptacle/15-WBP_RCT600NI_PRODIMAGE_515_2c44f9e1-7256-46a9-b036-8658450b6f6b.webp,515,515,42358951379053
7643037466733,hubbell-tri-power-countertop-pop-up-receptacle,16,34154605281389,https://cdn.shopify.com/s/files/1/0564/0208/3949/files/WBP_RCT600W_PRODIMAGE_515_0cdee9e5-2a65-49fd-b96d-fedecfe079b0.webp?v=1748489788,images/hubbell-tri-power-countertop-pop-up-receptacle/16-WBP_RCT600W_PRODIMAGE_515_0cdee9e5-2a65-49fd-b96d-fedecfe079b0.webp,515,515,42358951313517
7643037466733,hubbell-tri-power-countertop-pop-up-receptacle,17,34181548310637,https://cdn.shopify.com/s/files/1/0564/0208/3949/files/modernpower_web_WBP_RCT600W_TriPower_with_white_trim_and_white_cover_AC_Plug_with_main_unit_1200.webp?v=1748489788,images/hubbell-tri-power-countertop-pop-up-receptacle/17-modernpower_web_WBP_RCT600W_TriPower_with_white_trim_and_white_cover_AC_Plug_with_main_unit_1200.webp,1200,1200,42367341985901
7643037466733,hubbell-tri-power-countertop-pop-up-receptacle,18,34181555060845,https://cdn.shopify.com/s/files/1/0564/0208/3949/files/modern-power-web-WBP_RCT600NI_TriPower_with_nickel_trim_and_white_cover_USB_ports_with_main_unit_1200.webp?v=1748489788,images/hubbell-tri-power-countertop-pop-up-receptacle/18-modern-power-web-WBP_RCT600NI_TriPower_with_nickel_trim_and_white_cover_USB_ports_with_main_unit_1200.webp,1200,1200,
7643037466733,hubbell-tri-power-countertop-pop-up-receptacle,19,34181555585133,https://cdn.shopify.com/s/files/1/0564/0208/3949/files/modern-power-web-WBP_RCT600ALU_TriPower_with_aluminum_trim_and_black_cover_AC_Plug_with_main_unit_1200.webp?v=1748489788,images/hubbell-tri-power-countertop-pop-up-receptacle/19-modern-power-web-WBP_RCT600ALU_TriPower_with_aluminum_trim_and_black_cover_AC_Plug_with_main_unit_1200.webp,1200,1200,42367342051437
7643037466733,hubbell-tri-power-countertop-pop-up-receptacle,20,34181556338797,https://cdn.shopify.com/s/files/1/0564/0208/3949/files/modern-power-web-WBP_RCT600CH_TriPower_with_chrome_trim_and_gray_cover_AC_Plug_with_main_unit_1200.webp?v=1748489788,images/hubbell-tri-power-countertop-pop-up-receptacle/20-modern-power-web-WBP_RCT600CH_TriPower_with_chrome_trim_and_gray_cover_AC_Plug_with_main_unit_1200.webp,1200,1200,42367342084205
7643037466733,hubbell-tri-power-countertop-pop-up-receptacle,21,34181556404333,https://cdn.shopify.com/s/files/1/0564/0208/3949/files/modern-power-web-WBP_RCT600BK_TriPower_with_black_trim_and_black_cover_AC_Plug_with_main_unit_1200.webp?v=1748489788,images/hubbell-tri-power-countertop-pop-up-receptacle/21-modern-power-web-WBP_RCT600BK_TriPower_with_black_trim_and_black_cover_AC_Plug_with_main_unit_1200.webp,1200,1200,42367342116973
7643037466733,hubbell-tri-power-countertop-pop-up-receptacle,22,34181556994157,https://cdn.shopify.com/s/files/1/0564/0208/3949/files/modern-power-web-WBP_RCT600BR_TriPower_with_brass_trim_and_black_cover_AC_Plug_with_main_unit_1200.webp?v=1748489788,images/hubbell-tri-power-countertop-pop-up-receptacle/22-modern-power-web-WBP_RCT600BR_TriPower_with_brass_trim_and_black_cover_AC_Plug_with_main_unit_1200.webp,1200,1200,42367342149741
7643037466733,hubbell-tri-power-countertop-pop-up-receptacle,23,34181557616749,https://cdn.shopify.com/s/files/1/0564/0208/3949/files/modern-power-web-WBP_RCT600BZE_TriPower_with_bronze_trim_and_black_cover_AC_Plug_with_main_unit_1200.webp?v=1748489788,images/hubbell-tri-power-countertop-pop-up-receptacle/23-modern-power-web-WBP_RCT600BZE_TriPower_with_bronze_trim_and_black_cover_AC_Plug_with_main_unit_1200.webp,1200,1200,42367342182509
7643037466733,hubbell-tri-power-countertop-pop-up-receptacle,24,34181571346541,https://cdn.shopify.com/s/files/1/0564/0208/3949/files/WBP_RCT600CH_TriPower_with_chrome_trim_and_gray_cover_USB_ports_with_main_unit_1200.webp?v=1748489788,images/hubbell-tri-power-countertop-pop-up-receptacle/24-WBP_RCT600CH_TriPower_with_chrome_trim_and_gray_cover_USB_ports_with_main_unit_1200.webp,1200,1200,42358951510125
7643037466733,hubbell-tri-power-countertop-pop-up-receptacle,25,34181618761837,https://cdn.shopify.com/s/files/1/0564/0208/3949/files/modern-power-web-WBP_RCT600NI_TriPower_with_nickel_trim_and_gray_cover_AC_Plug_with_main_unit_1200.webp?v=1748489788,images/hubbell-tri-power-countertop-pop-up-receptacle/25-modern-power-web-WBP_RCT600NI_TriPower_with_nickel_trim_and_gray_cover_AC_Plug_with_main_unit_1200.webp,1200,1200,42367342018669
7640015667309,hubbell-dual-sided-pop-up-electrical-outlet,1,34408873164909,https://cdn.shopify.com/s/files/1/0564/0208/3949/files/modern-power-web-hubbell-dual-sided-countertop-pop-up-receptacle.webp?v=1748488826,images/hubbell-dual-sided-pop-up-electrical-outlet/01-modern-power-web-hubbell-dual-sided-countertop-pop-up-receptacle.webp,990,990,
7640015667309,hubbell-dual-sided-pop-up-electrical-outlet,2,34408876114029,https://cdn.shopify.com/s/files/1/0564/0208/3949/files/modern-power-web-hubbell-dual-sided-pop-up-receptacle-one.webp?v=1748488826,images/hubbell-dual-sided-pop-up-electrical-outlet/02-modern-power-web-hubbell-dual-sided-pop-up-receptacle-one.webp,1500,1500,
7640015667309,hubbell-dual-sided-pop-up-electrical-outlet,3,34408958951533,https://cdn.shopify.com/s/files/1/0564/0208/3949/files/modern-power-web-hubbell-tri-power-countertop-pop-up-receptacle-back_1.webp?v=1748489788,images/hubbell-dual-sided-pop-up-electrical-outlet/03-modern-power-web-hubbell-tri-power-countertop-pop-up-receptacle-back_1.webp,1500,1500,
7640015667309,hubbell-dual-sided-pop-up-electrical-outlet,4,34408948564077,https://cdn.shopify.com/s/files/1/0564/0208/3949/files/modern-power-web-hubbell-dual-sided-countertop-pop-up-receptacle-top.webp?v=1748488826,images/hubbell-dual-sided-pop-up-electrical-outlet/04-modern-power-web-hubbell-dual-sided-countertop-pop-up-receptacle-top.webp,1500,1500,
7640015667309,hubbell-dual-sided-pop-up-electrical-outlet,5,34408948531309,https://cdn.shopify.com/s/files/1/0564/0208/3949/files/modern-power-web-hubbell-dual-sided-countertop-pop-up-receptacle-spills.webp?v=1748488826,images/hubbell-dual-sided-pop-up-electrical-outlet/05-modern-power-web-hubbell-dual-sided-countertop-pop-up-receptacle-spills.webp,1500,1500,
7640015667309,hubbell-dual-sided-pop-up-electrical-outlet,6,34151059751021,https://cdn.shopify.com/s/files/1/0564/0208/3949/files/WBP_RCT220W_open_PRODIMAGE_1200.webp?v=1748488826,images/hubbell-dual-sided-pop-up-electrical-outlet/06-WBP_RCT220W_open_PRODIMAGE_1200.webp,1200,1200,42349848232045
7640015667309,hubbell-dual-sided-pop-up-electrical-outlet,7,34151064993901,https://cdn.shopify.com/s/files/1/0564/0208/3949/files/WBP_RCT221W_open_PRODIMAGE_1200.webp?v=1748488826,images/hubbell-dual-sided-pop-up-electrical-outlet/07-WBP_RCT221W_open_PRODIMAGE_1200.webp,1200,1200,42349848264813
7640015667309,hubbell-dual-sided-pop-up-electrical-outlet,8,34151066796141,https://cdn.shopify.com/s/files/1/0564/0208/3949/files/WBP_RCT220NI_open_PRODIMAGE_1200.webp?v=1748488826,images/hubbell-dual-sided-pop-up-electrical-outlet/08-WBP_RCT220NI_open_PRODIMAGE_1200.webp,1200,1200,42349848297581
7640015667309,hubbell-dual-sided-pop-up-electrical-outlet,9,34151067287661,https://cdn.shopify.com/s/files/1/0564/0208/3949/files/WBP_RCT221NI_open_PRODIMAGE_1200.webp?v=1748488826,images/hubbell-dual-sided-pop-up-electrical-outlet/09-WBP_RCT221NI_open_PRODIMAGE_1200.webp,1200,1200,42349848330349
7640015667309,hubbell-dual-sided-pop-up-electrical-outlet,10,34151069712493,https://cdn.shopify.com/s/files/1/0564/0208/3949/files/WBP_RCT220ALU_open_PRODIMAGE_1200.webp?v=1748488826,images/hubbell-dual-sided-pop-up-electrical-outlet/10-WBP_RCT220ALU_open_PRODIMAGE_1200.webp,1200,1200,42356104757357
7640015667309,hubbell-dual-sided-pop-up-electrical-outlet,11,34151068762221,https://cdn.shopify.com/s/files/1/0564/0208/3949/files/WBP_RCT221ALU_open_PRODIMAGE_1200.webp?v=1748488826,images/hubbell-dual-sided-pop-up-electrical-outlet/11-WBP_RCT221ALU_open_PRODIMAGE_1200.webp,1200,1200,42356104790125
7640015667309,hubbell-dual-sided-pop-up-electrical-outlet,12,34151071055981,https://cdn.shopify.com/s/files/1/0564/0208/3949/files/WBP_RCT220BK_open_PRODIMAGE_1200.webp?v=1748488826,images/hubbell-dual-sided-pop-up-electrical-outlet/12-WBP_RCT220BK_open_PRODIMAGE_1200.webp,1200,1200,42356104888429
7640015667309,hubbell-dual-sided-pop-up-electrical-outlet,13,34151074267245,https://cdn.shopify.com/s/files/1/0564/0208/3949/files/WBP_RCT220CH_open_PRODIMAGE_1200.webp?v=1748488826,images/hubbell-dual-sided-pop-up-electrical-outlet/13-WBP_RCT220CH_open_PRODIMAGE_1200.webp,1200,1200,42356104822893
7640015667309,hubbell-dual-sided-pop-up-electrical-outlet,14,34151075807341,https://cdn.shopify.com/s/files/1/0564/0208/3949/files/WBP_RCT221CH_open_PRODIMAGE_1200.webp?v=1748488826,images/hubbell-dual-sided-pop-up-electrical-outlet/14-WBP_RCT221CH_open_PRODIMAGE_1200.webp,1200,1200,42356104855661
7640015667309,hubbell-dual-sided-pop-up-electrical-outlet,15,34151077380205,https://cdn.shopify.com/s/files/1/0564/0208/3949/files/WBP_RCT221BK_open_PRODIMAGE_1200.webp?v=1748488826,images/hubbell-dual-sided-pop-up-electrical-outlet/15-WBP_RCT221BK_open_PRODIMAGE_1200.webp,1200,1200,42356104921197
7640015667309,hubbell-dual-sided-pop-up-electrical-outlet,16,34151072104557,https://cdn.shopify.com/s/files/1/0564/0208/3949/files/WBP_RCT220BR_open_PRODIMAGE_1200.webp?v=1748488826,images/hubbell-dual-sided-pop-up-electrical-outlet/16-WBP_RCT220BR_open_PRODIMAGE_1200.webp,1200,1200,42356104953965
7640015667309,hubbell-dual-sided-pop-up-electrical-outlet,17,34151078625389,https://cdn.shopify.com/s/files/1/0564/0208/3949/files/WBP_RCT221BR_open_PRODIMAGE_1200.webp?v=1748488826,images/hubbell-dual-sided-pop-up-electrical-outlet/17-WBP_RCT221BR_open_PRODIMAGE_1200.webp,1200,1200,42356104986733
7640015667309,hubbell-dual-sided-pop-up-electrical-outlet,18,34151073120365,https://cdn.shopify.com/s/files/1/0564/0208/3949/files/WBP_RCT220BZE_open_PRODIMAGE_1200.webp?v=1748488826,images/hubbell-dual-sided-pop-up-electrical-outlet/18-WBP_RCT220BZE_open_PRODIMAGE_1200.webp,1200,1200,42356105019501
7640015667309,hubbell-dual-sided-pop-up-electrical-outlet,19,34151079706733,https://cdn.shopify.com/s/files/1/0564/0208/3949/files/WBP_RCT221BZE_open_PRODIMAGE_1200.webp?v=1748488826,images/hubbell-dual-sided-pop-up-electrical-outlet/19-WBP_RCT221BZE_open_PRODIMAGE_1200.webp,1200,1200,42356105052269
7640015667309,hubbell-dual-sided-pop-up-electrical-outlet,20,34198324904045,https://cdn.shopify.com/s/files/1/0564/0208/3949/files/WBP_RCT200W_open_PRODIMAGE_1200.webp?v=1748488826,images/hubbell-dual-sided-pop-up-electrical-outlet/20-WBP_RCT200W_open_PRODIMAGE_1200.webp,1200,1200,42367415255149
7640015667309,hubbell-dual-sided-pop-up-electrical-outlet,21,34198324772973,https://cdn.shopify.com/s/files/1/0564/0208/3949/files/WBP_RCT201W_open_PRODIMAGE_1200.webp?v=1748488826,images/hubbell-dual-sided-pop-up-electrical-outlet/21-WBP_RCT201W_open_PRODIMAGE_1200.webp,1200,1200,42367415287917
7640015667309,hubbell-dual-sided-pop-up-electrical-outlet,22,34198324543597,https://cdn.shopify.com/s/files/1/0564/0208/3949/files/WBP_RCT200NI_open_PRODIMAGE_1200.webp?v=1748488826,images/hubbell-dual-sided-pop-up-electrical-outlet/22-WBP_RCT200NI_open_PRODIMAGE_1200.webp,1200,1200,42367415320685
7640015667309,hubbell-dual-sided-pop-up-electrical-outlet,23,34198324871277,https://cdn.shopify.com/s/files/1/0564/0208/3949/files/WBP_RCT201NI_open_PRODIMAGE_1200.webp?v=1748488826,images/hubbell-dual-sided-pop-up-electrical-outlet/23-WBP_RCT201NI_open_PRODIMAGE_1200.webp,1200,1200,42367415353453
7640015667309,hubbell-dual-sided-pop-up-electrical-outlet,24,34198324707437,https://cdn.shopify.com/s/files/1/0564/0208/3949/files/WBP_RCT200ALU_open_PRODIMAGE_1200.webp?v=1748488826,images/hubbell-dual-sided-pop-up-electrical-outlet/24-WBP_RCT200ALU_open_PRODIMAGE_1200.webp,1200,1200,42367415386221
7640015667309,hubbell-dual-sided-pop-up-electrical-outlet,25,34198324740205,https://cdn.shopify.com/s/files/1/0564/0208/3949/files/WBP_RCT201ALU_open_PRODIMAGE_1200.webp?v=1748488826,images/hubbell-dual-sided-pop-up-electrical-outlet/25-WBP_RCT201ALU_open_PRODIMAGE_1200.webp,1200,1200,42367415418989
7640015667309,hubbell-dual-sided-pop-up-electrical-outlet,26,34198324576365,https://cdn.shopify.com/s/files/1/0564/0208/3949/files/WBP_RCT200CH_open_PRODIMAGE_1200.webp?v=1748488826,images/hubbell-dual-sided-pop-up-electrical-outlet/26-WBP_RCT200CH_open_PRODIMAGE_1200.webp,1200,1200,42367415451757
7640015667309,hubbell-dual-sided-pop-up-electrical-outlet,27,34198324609133,https://cdn.shopify.com/s/files/1/0564/0208/3949/files/WBP_RCT201CH_open_PRODIMAGE_1200.webp?v=1748488826,images/hubbell-dual-sided-pop-up-electrical-outlet/27-WBP_RCT201CH_open_PRODIMAGE_1200.webp,1200,1200,42367415484525
7640015667309,hubbell-dual-sided-pop-up-electrical-outlet,28,34198324838509,https://cdn.shopify.com/s/files/1/0564/0208/3949/files/WBP_RCT200BK_open_PRODIMAGE_1200.webp?v=1748488826,images/hubbell-dual-sided-pop-up-electrical-outlet/28-WBP_RCT200BK_open_PRODIMAGE_1200.webp,1200,1200,42367415517293
7640015667309,hubbell-dual-sided-pop-up-electrical-outlet,29,34198324805741,https://cdn.shopify.com/s/files/1/0564/0208/3949/files/WBP_RCT201BK_open_PRODIMAGE_1200.webp?v=1748488826,images/hubbell-dual-sided-pop-up-electrical-outlet/29-WBP_RCT201BK_open_PRODIMAGE_1200.webp,1200,1200,42367415550061
7640015667309,hubbell-dual-sided-pop-up-electrical-outlet,30,34198324641901,https://cdn.shopify.com/s/files/1/0564/0208/3949/files/WBP_RCT200BR_open_PRODIMAGE_1200.webp?v=1748488826,images/hubbell-dual-sided-pop-up-electrical-outlet/30-WBP_RCT200BR_open_PRODIMAGE_1200.webp,1200,1200,42367415582829
7640015667309,hubbell-dual-sided-pop-up-electrical-outlet,31,34198324936813,https://cdn.shopify.com/s/files/1/0564/0208/3949/files/WBP_RCT201BR_open_PRODIMAGE_1200.webp?v=1748488826,images/hubbell-dual-sided-pop-up-electrical-outlet/31-WBP_RCT201BR_open_PRODIMAGE_1200.webp,1200,1200,42367415615597
7640015667309,hubbell-dual-sided-pop-up-electrical-outlet,32,34198324510829,https://cdn.shopify.com/s/files/1/0564/0208/3949/files/WBP_RCT200BZE_open_PRODIMAGE_1200.webp?v=1748488826,images/hubbell-dual-sided-pop-up-electrical-outlet/32-WBP_RCT200BZE_open_PRODIMAGE_1200.webp,1200,1200,42367415648365
7640015667309,hubbell-dual-sided-pop-up-electrical-outlet,33,34198324674669,https://cdn.shopify.com/s/files/1/0564/0208/3949/files/WBP_RCT201BZE_open_PRODIMAGE_1200.webp?v=1748488826,images/hubbell-dual-sided-pop-up-electrical-outlet/33-WBP_RCT201BZE_open_PRODIMAGE_1200.webp,1200,1200,42367415681133
7629711573101,hole-saw-4-for-point-pod,1,34011200356461,https://cdn.shopify.com/s/files/1/0564/0208/3949/files/modern-power-web-point-pod-hole-saw-drill-bit-whitebg-6.webp?v=1743406201,images/hole-saw-4-for-point-pod/01-modern-power-web-point-pod-hole-saw-drill-bit-whitebg-6.webp,600,600,
7629711573101,hole-saw-4-for-point-pod,2,34011224572013,https://cdn.shopify.com/s/files/1/0564/0208/3949/files/modern-power-web-point-pod-hole-saw-drill-bit-whitebg-3.webp?v=1743406201,images/hole-saw-4-for-point-pod/02-modern-power-web-point-pod-hole-saw-drill-bit-whitebg-3.webp,800,800,
7629711573101,hole-saw-4-for-point-pod,3,34011186790509,https://cdn.shopify.com/s/files/1/0564/0208/3949/files/modern-power-web-point-pod-hole-saw-drill-bit-whitebg-1.webp?v=1743406201,images/hole-saw-4-for-point-pod/03-modern-power-web-point-pod-hole-saw-drill-bit-whitebg-1.webp,600,600,
7629708460141,hole-saw-102mm-4-for-point-pod,1,34011077640301,https://cdn.shopify.com/s/files/1/0564/0208/3949/files/modern-power-web-point-pod-hole-saw-drill-bit-D102xM14-whitebg-5.webp?v=1743402516,images/hole-saw-102mm-4-for-point-pod/01-modern-power-web-point-pod-hole-saw-drill-bit-D102xM14-whitebg-5.webp,600,600,
7629708460141,hole-saw-102mm-4-for-point-pod,2,34010844725357,https://cdn.shopify.com/s/files/1/0564/0208/3949/files/modern-power-web-point-pod-hole-saw-drill-bit-D102xM14-whitebg-2.webp?v=1743402516,images/hole-saw-102mm-4-for-point-pod/02-modern-power-web-point-pod-hole-saw-drill-bit-D102xM14-whitebg-2.webp,800,800,
7629708460141,hole-saw-102mm-4-for-point-pod,3,34010809991277,https://cdn.shopify.com/s/files/1/0564/0208/3949/files/modern-power-web-point-pod-hole-saw-drill-bit-D102xM14-transparent.webp?v=1743402516,images/hole-saw-102mm-4-for-point-pod/03-modern-power-web-point-pod-hole-saw-drill-bit-D102xM14-transparent.webp,800,800,
7207887405165,v14b-hnr-black-quad-sided-pop-up-power-outlet-w-hdmi,1,31311099887725,https://cdn.shopify.com/s/files/1/0564/0208/3949/files/onWhite_all_0028-jpg-e1687138782847_a6cd42c3-2636-41f2-96a2-3b46f410da39.webp?v=1709172974,images/v14b-hnr-black-quad-sided-pop-up-power-outlet-w-hdmi/01-onWhite_all_0028-jpg-e1687138782847_a6cd42c3-2636-41f2-96a2-3b46f410da39.webp,699,699,
7207887405165,v14b-hnr-black-quad-sided-pop-up-power-outlet-w-hdmi,2,31311099920493,https://cdn.shopify.com/s/files/1/0564/0208/3949/files/MW-V14-AU_00a80347-7ba0-4f24-9605-7e4a601a268f.jpg?v=1709172974,images/v14b-hnr-black-quad-sided-pop-up-power-outlet-w-hdmi/02-MW-V14-AU_00a80347-7ba0-4f24-9605-7e4a601a268f.jpg,2000,1600,
7207887405165,v14b-hnr-black-quad-sided-pop-up-power-outlet-w-hdmi,3,31311099986029,https://cdn.shopify.com/s/files/1/0564/0208/3949/files/onWhite_top_phone_0004-jpg_3ebb5c4d-5aed-436a-8de6-ede6ecdb3c8f.webp?v=1709172975,images/v14b-hnr-black-quad-sided-pop-up-power-outlet-w-hdmi/03-onWhite_top_phone_0004-jpg_3ebb5c4d-5aed-436a-8de6-ede6ecdb3c8f.webp,1200,1200,
7207887405165,v14b-hnr-black-quad-sided-pop-up-power-outlet-w-hdmi,4,31311100018797,https://cdn.shopify.com/s/files/1/0564/0208/3949/files/onWhite_top_0004-jpg_6cda0e2c-aa75-4147-acfe-29e5d2de80fc.webp?v=1709172975,images/v14b-hnr-black-quad-sided-pop-up-power-outlet-w-hdmi/04-onWhite_top_0004-jpg_6cda0e2c-aa75-4147-acfe-29e5d2de80fc.webp,1200,1200,
7195109720173,point-pod-boardroom-w-usb-rj45-hdmi,1,31181013155949,https://cdn.shopify.com/s/files/1/0564/0208/3949/files/onWhite_all_pointpod_0033-1.png?v=1707456397,images/point-pod-boardroom-w-usb-rj45-hdmi/01-onWhite_all_pointpod_0033-1.png,2350,2350,
7195109720173,point-pod-boardroom-w-usb-rj45-hdmi,2,31181013254253,https://cdn.shopify.com/s/files/1/0564/0208/3949/files/onWhite_all_pointpod_0036.jpg?v=1707456397,images/point-pod-boardroom-w-usb-rj45-hdmi/02-onWhite_all_pointpod_0036.jpg,1500,1500,
7195109720173,point-pod-boardroom-w-usb-rj45-hdmi,3,31181012893805,https://cdn.shopify.com/s/files/1/0564/0208/3949/files/onWhite_all_pointpod_0035.jpg?v=1707456397,images/point-pod-boardroom-w-usb-rj45-hdmi/03-onWhite_all_pointpod_0035.jpg,1500,1500,
7195109720173,point-pod-boardroom-w-usb-rj45-hdmi,4,31181012697197,https://cdn.shopify.com/s/files/1/0564/0208/3949/files/onWhite_all_pointpod_0037.jpg?v=1707456397,images/point-pod-boardroom-w-usb-rj45-hdmi/04-onWhite_all_pointpod_0037.jpg,1500,1500,
7195109720173,point-pod-boardroom-w-usb-rj45-hdmi,5,31181013123181,https://cdn.shopify.com/s/files/1/0564/0208/3949/files/onWhite_all_pointpod_0009_b5b581f8-54fa-409a-abf8-1c39ee8e98aa.jpg?v=1707456397,images/point-pod-boardroom-w-usb-rj45-hdmi/05-onWhite_all_pointpod_0009_b5b581f8-54fa-409a-abf8-1c39ee8e98aa.jpg,1500,1500,
7195109720173,point-pod-boardroom-w-usb-rj45-hdmi,6,31181019512941,https://cdn.shopify.com/s/files/1/0564/0208/3949/files/onWhite_all_pointpod_0005_2ae29252-0037-4f38-88bf-e66d6624c0c5.webp?v=1707456378,images/point-pod-boardroom-w-usb-rj45-hdmi/06-onWhite_all_pointpod_0005_2ae29252-0037-4f38-88bf-e66d6624c0c5.webp,990,990,
7195109425261,point-pod-compact-black,1,31180935659629,https://cdn.shopify.com/s/files/1/0564/0208/3949/files/onWhite_all_pointpod_0003-1.png?v=1707456258,images/point-pod-compact-black/01-onWhite_all_pointpod_0003-1.png,2350,2350,
7195109425261,point-pod-compact-black,2,31180935266413,https://cdn.shopify.com/s/files/1/0564/0208/3949/files/onWhite_all_pointpod_0001.jpg?v=1707456258,images/point-pod-compact-black/02-onWhite_all_pointpod_0001.jpg,1500,1500,
7195109425261,point-pod-compact-black,3,31180934938733,https://cdn.shopify.com/s/files/1/0564/0208/3949/files/onWhite_all_pointpod_0000.jpg?v=1707456258,images/point-pod-compact-black/03-onWhite_all_pointpod_0000.jpg,1500,1500,
7195109425261,point-pod-compact-black,4,31180935561325,https://cdn.shopify.com/s/files/1/0564/0208/3949/files/onWhite_all_pointpod_0002.jpg?v=1707456257,images/point-pod-compact-black/04-onWhite_all_pointpod_0002.jpg,1500,1500,
7195109425261,point-pod-compact-black,5,31180935364717,https://cdn.shopify.com/s/files/1/0564/0208/3949/files/onWhite_all_pointpod_0004_138cdea9-5f77-4ee3-b822-55215d8e980b.jpg?v=1707456231,images/point-pod-compact-black/05-onWhite_all_pointpod_0004_138cdea9-5f77-4ee3-b822-55215d8e980b.jpg,1500,1500,
7195109425261,point-pod-compact-black,6,31180969574509,https://cdn.shopify.com/s/files/1/0564/0208/3949/files/onWhite_all_pointpod_0009copy_0aa3ca3b-90ed-407a-9167-41282af36ece.webp?v=1707456291,images/point-pod-compact-black/06-onWhite_all_pointpod_0009copy_0aa3ca3b-90ed-407a-9167-41282af36ece.webp,990,990,
7195109392493,point-pod-compact-silver,1,31180872384621,https://cdn.shopify.com/s/files/1/0564/0208/3949/files/onWhite_all_pointpod_0008-1.png?v=1707456042,images/point-pod-compact-silver/01-onWhite_all_pointpod_0008-1.png,2350,2350,
7195109392493,point-pod-compact-silver,2,31180872450157,https://cdn.shopify.com/s/files/1/0564/0208/3949/files/onWhite_all_pointpod_0006.jpg?v=1707456180,images/point-pod-compact-silver/02-onWhite_all_pointpod_0006.jpg,1500,1500,
7195109392493,point-pod-compact-silver,3,31180872351853,https://cdn.shopify.com/s/files/1/0564/0208/3949/files/onWhite_all_pointpod_0005.jpg?v=1707456180,images/point-pod-compact-silver/03-onWhite_all_pointpod_0005.jpg,1500,1500,
7195109392493,point-pod-compact-silver,4,31180872253549,https://cdn.shopify.com/s/files/1/0564/0208/3949/files/onWhite_all_pointpod_0007.jpg?v=1707456180,images/point-pod-compact-silver/04-onWhite_all_pointpod_0007.jpg,1500,1500,
7195109392493,point-pod-compact-silver,5,31180872482925,https://cdn.shopify.com/s/files/1/0564/0208/3949/files/onWhite_all_pointpod_0009_8bce0b95-9008-4a2e-a07b-c7527b4a70ee.jpg?v=1707456180,images/point-pod-compact-silver/05-onWhite_all_pointpod_0009_8bce0b95-9008-4a2e-a07b-c7527b4a70ee.jpg,1500,1500,
7195109392493,point-pod-compact-silver,6,31180872220781,https://cdn.shopify.com/s/files/1/0564/0208/3949/files/onWhite_all_pointpod_0005_1be5ca21-1a71-40a7-95f5-ae160c7140f9.webp?v=1707456180,images/point-pod-compact-silver/06-onWhite_all_pointpod_0005_1be5ca21-1a71-40a7-95f5-ae160c7140f9.webp,990,990,
7195109228653,point-pod-compact-black-w-usb,1,31180847579245,https://cdn.shopify.com/s/files/1/0564/0208/3949/files/onWhite_all_pointpod_0018-1.png?v=1707455923,images/point-pod-compact-black-w-usb/01-onWhite_all_pointpod_0018-1.png,2350,2350,
7195109228653,point-pod-compact-black-w-usb,2,31180847480941,https://cdn.shopify.com/s/files/1/0564/0208/3949/files/onWhite_all_pointpod_0016.jpg?v=1707455923,images/point-pod-compact-black-w-usb/02-onWhite_all_pointpod_0016.jpg,1500,1500,
7195109228653,point-pod-compact-black-w-usb,3,31180847513709,https://cdn.shopify.com/s/files/1/0564/0208/3949/files/onWhite_all_pointpod_0015.jpg?v=1707455923,images/point-pod-compact-black-w-usb/03-onWhite_all_pointpod_0015.jpg,1500,1500,
7195109228653,point-pod-compact-black-w-usb,4,31180847612013,https://cdn.shopify.com/s/files/1/0564/0208/3949/files/onWhite_all_pointpod_0017.jpg?v=1707455923,images/point-pod-compact-black-w-usb/04-onWhite_all_pointpod_0017.jpg,1500,1500,
7195109228653,point-pod-compact-black-w-usb,5,31180847546477,https://cdn.shopify.com/s/files/1/0564/0208/3949/files/onWhite_all_pointpod_0004_55bf7c25-b8c1-4fce-b065-36eeac0fea29.jpg?v=1707455923,images/point-pod-compact-black-w-usb/05-onWhite_all_pointpod_0004_55bf7c25-b8c1-4fce-b065-36eeac0fea29.jpg,1500,1500,
7195109228653,point-pod-compact-black-w-usb,6,31232799801453,https://cdn.shopify.com/s/files/1/0564/0208/3949/files/onWhite_all_pointpod_0009copy_5fe91fd3-6764-49c4-a6fd-b6ef2f28b3fb.webp?v=1708053210,images/point-pod-compact-black-w-usb/06-onWhite_all_pointpod_0009copy_5fe91fd3-6764-49c4-a6fd-b6ef2f28b3fb.webp,600,600,
7195108966509,point-pod-compact-silver-w-usb,1,31180829130861,https://cdn.shopify.com/s/files/1/0564/0208/3949/files/onWhite_all_pointpod_0013-1.png?v=1707455289,images/point-pod-compact-silver-w-usb/01-onWhite_all_pointpod_0013-1.png,2350,2350,
7195108966509,point-pod-compact-silver-w-usb,2,31180829065325,https://cdn.shopify.com/s/files/1/0564/0208/3949/files/onWhite_all_pointpod_0011.jpg?v=1707455289,images/point-pod-compact-silver-w-usb/02-onWhite_all_pointpod_0011.jpg,1500,1500,
7195108966509,point-pod-compact-silver-w-usb,3,31180829098093,https://cdn.shopify.com/s/files/1/0564/0208/3949/files/onWhite_all_pointpod_0010.jpg?v=1707455289,images/point-pod-compact-silver-w-usb/03-onWhite_all_pointpod_0010.jpg,1500,1500,
7195108966509,point-pod-compact-silver-w-usb,4,31180829163629,https://cdn.shopify.com/s/files/1/0564/0208/3949/files/onWhite_all_pointpod_0012.jpg?v=1707455289,images/point-pod-compact-silver-w-usb/04-onWhite_all_pointpod_0012.jpg,1500,1500,
7195108966509,point-pod-compact-silver-w-usb,5,31180829196397,https://cdn.shopify.com/s/files/1/0564/0208/3949/files/onWhite_all_pointpod_0009_85d48992-5feb-4f68-a608-73a99efa8b0e.jpg?v=1707455289,images/point-pod-compact-silver-w-usb/05-onWhite_all_pointpod_0009_85d48992-5feb-4f68-a608-73a99efa8b0e.jpg,1500,1500,
7195108966509,point-pod-compact-silver-w-usb,6,31180829032557,https://cdn.shopify.com/s/files/1/0564/0208/3949/files/onWhite_all_pointpod_0005.webp?v=1707455289,images/point-pod-compact-silver-w-usb/06-onWhite_all_pointpod_0005.webp,990,990,
7195108933741,point-pod-multi-black-w-usb,1,31180826902637,https://cdn.shopify.com/s/files/1/0564/0208/3949/files/onWhite_all_pointpod_0023-1.png?v=1707455160,images/point-pod-multi-black-w-usb/01-onWhite_all_pointpod_0023-1.png,2350,2350,
7195108933741,point-pod-multi-black-w-usb,2,31180826837101,https://cdn.shopify.com/s/files/1/0564/0208/3949/files/onWhite_all_pointpod_0021.jpg?v=1707455160,images/point-pod-multi-black-w-usb/02-onWhite_all_pointpod_0021.jpg,1500,1500,
7195108933741,point-pod-multi-black-w-usb,3,31180826869869,https://cdn.shopify.com/s/files/1/0564/0208/3949/files/onWhite_all_pointpod_0022.jpg?v=1707455160,images/point-pod-multi-black-w-usb/03-onWhite_all_pointpod_0022.jpg,1500,1500,
7195108933741,point-pod-multi-black-w-usb,4,31180826738797,https://cdn.shopify.com/s/files/1/0564/0208/3949/files/onWhite_all_pointpod_0020.jpg?v=1707455160,images/point-pod-multi-black-w-usb/04-onWhite_all_pointpod_0020.jpg,1500,1500,
7195108933741,point-pod-multi-black-w-usb,5,31180826968173,https://cdn.shopify.com/s/files/1/0564/0208/3949/files/onWhite_all_pointpod_0004.jpg?v=1707455160,images/point-pod-multi-black-w-usb/05-onWhite_all_pointpod_0004.jpg,1500,1500,
7195108933741,point-pod-multi-black-w-usb,6,31226544947309,https://cdn.shopify.com/s/files/1/0564/0208/3949/files/onWhite_all_pointpod_0009copy_b157c990-ee87-4c7b-8a14-343680b30595.webp?v=1707985349,images/point-pod-multi-black-w-usb/06-onWhite_all_pointpod_0009copy_b157c990-ee87-4c7b-8a14-343680b30595.webp,600,600,
7195108835437,point-pod-multi-silver-w-usb,1,31180823724141,https://cdn.shopify.com/s/files/1/0564/0208/3949/files/onWhite_all_pointpod_0028-1.png?v=1707455001,images/point-pod-multi-silver-w-usb/01-onWhite_all_pointpod_0028-1.png,2350,2350,
7195108835437,point-pod-multi-silver-w-usb,2,31180823789677,https://cdn.shopify.com/s/files/1/0564/0208/3949/files/onWhite_all_pointpod_0026.jpg?v=1707455001,images/point-pod-multi-silver-w-usb/02-onWhite_all_pointpod_0026.jpg,1500,1500,
7195108835437,point-pod-multi-silver-w-usb,3,31180823756909,https://cdn.shopify.com/s/files/1/0564/0208/3949/files/onWhite_all_pointpod_0025.jpg?v=1707455001,images/point-pod-multi-silver-w-usb/03-onWhite_all_pointpod_0025.jpg,1500,1500,
7195108835437,point-pod-multi-silver-w-usb,4,31180823625837,https://cdn.shopify.com/s/files/1/0564/0208/3949/files/onWhite_all_pointpod_0032.jpg?v=1707455001,images/point-pod-multi-silver-w-usb/04-onWhite_all_pointpod_0032.jpg,1500,1500,
7195108835437,point-pod-multi-silver-w-usb,5,31180823593069,https://cdn.shopify.com/s/files/1/0564/0208/3949/files/onWhite_all_pointpod_0009.jpg?v=1707455001,images/point-pod-multi-silver-w-usb/05-onWhite_all_pointpod_0009.jpg,1500,1500,
7195108835437,point-pod-multi-silver-w-usb,6,31211955945581,https://cdn.shopify.com/s/files/1/0564/0208/3949/files/onWhite_all_pointpod_0005_686fd556-6e11-4acf-b825-f5c029b56f9e.webp?v=1707876750,images/point-pod-multi-silver-w-usb/06-onWhite_all_pointpod_0005_686fd556-6e11-4acf-b825-f5c029b56f9e.webp,990,990,
7195102838893,v8gsbo-compact-glossy-silver-black-pop-up-power-point,1,31201936310381,https://cdn.shopify.com/s/files/1/0564/0208/3949/files/onWhite_all_0023.webp?v=1707802070,images/v8gsbo-compact-glossy-silver-black-pop-up-power-point/01-onWhite_all_0023.webp,3000,3000,
7195102838893,v8gsbo-compact-glossy-silver-black-pop-up-power-point,2,31180678004845,https://cdn.shopify.com/s/files/1/0564/0208/3949/files/onWhite_all_0021-jpg.webp?v=1707802070,images/v8gsbo-compact-glossy-silver-black-pop-up-power-point/02-onWhite_all_0021-jpg.webp,1200,1200,
7195102838893,v8gsbo-compact-glossy-silver-black-pop-up-power-point,3,31180678037613,https://cdn.shopify.com/s/files/1/0564/0208/3949/files/onWhite_all_0024-jpg.webp?v=1707802070,images/v8gsbo-compact-glossy-silver-black-pop-up-power-point/03-onWhite_all_0024-jpg.webp,1200,1200,
7195102806125,v7gsw-glossy-silver-top-white-pop-up-power-outlet,1,31180672368749,https://cdn.shopify.com/s/files/1/0564/0208/3949/files/onWhite_all_0001-jpg-e1695101609777.webp?v=1707449541,images/v7gsw-glossy-silver-top-white-pop-up-power-outlet/01-onWhite_all_0001-jpg-e1695101609777.webp,1100,1100,
7195102806125,v7gsw-glossy-silver-top-white-pop-up-power-outlet,2,31180672237677,https://cdn.shopify.com/s/files/1/0564/0208/3949/files/onWhite_all_0003-jpg.webp?v=1707449541,images/v7gsw-glossy-silver-top-white-pop-up-power-outlet/02-onWhite_all_0003-jpg.webp,1500,1500,
7195102806125,v7gsw-glossy-silver-top-white-pop-up-power-outlet,3,31180672204909,https://cdn.shopify.com/s/files/1/0564/0208/3949/files/V7GSW_AU_Model5.jpg?v=1707449541,images/v7gsw-glossy-silver-top-white-pop-up-power-outlet/03-V7GSW_AU_Model5.jpg,1500,1500,
7195102806125,v7gsw-glossy-silver-top-white-pop-up-power-outlet,4,31180672270445,https://cdn.shopify.com/s/files/1/0564/0208/3949/files/V7GSW_AU_Model7.jpg?v=1707449541,images/v7gsw-glossy-silver-top-white-pop-up-power-outlet/04-V7GSW_AU_Model7.jpg,1500,1500,
7195102806125,v7gsw-glossy-silver-top-white-pop-up-power-outlet,5,31180672434285,https://cdn.shopify.com/s/files/1/0564/0208/3949/files/V7GSW_AU_Model8.jpg?v=1707449541,images/v7gsw-glossy-silver-top-white-pop-up-power-outlet/05-V7GSW_AU_Model8.jpg,1500,1500,
7195102740589,v7bssb-black-stainless-steel-black-pop-up-power-outlet,1,31180668338285,https://cdn.shopify.com/s/files/1/0564/0208/3949/files/onWhite_all_0003-e1668476162439_a89793cd-32d3-4688-a15f-228105e8c0d5.jpg?v=1707449287,images/v7bssb-black-stainless-steel-black-pop-up-power-outlet/01-onWhite_all_0003-e1668476162439_a89793cd-32d3-4688-a15f-228105e8c0d5.jpg,1098,1098,
7195102740589,v7bssb-black-stainless-steel-black-pop-up-power-outlet,2,31180668371053,https://cdn.shopify.com/s/files/1/0564/0208/3949/files/onWhite_all_0001.jpg?v=1707449287,images/v7bssb-black-stainless-steel-black-pop-up-power-outlet/02-onWhite_all_0001.jpg,1500,1500,
7195102740589,v7bssb-black-stainless-steel-black-pop-up-power-outlet,3,31180668239981,https://cdn.shopify.com/s/files/1/0564/0208/3949/files/onWhite_all_0002_63d4904c-0fa9-4c08-8eb7-7af8427a6ad2.jpg?v=1707449287,images/v7bssb-black-stainless-steel-black-pop-up-power-outlet/03-onWhite_all_0002_63d4904c-0fa9-4c08-8eb7-7af8427a6ad2.jpg,1500,1500,
7195102740589,v7bssb-black-stainless-steel-black-pop-up-power-outlet,4,31180668305517,https://cdn.shopify.com/s/files/1/0564/0208/3949/files/onWhite_all_0000.jpg?v=1707449287,images/v7bssb-black-stainless-steel-black-pop-up-power-outlet/04-onWhite_all_0000.jpg,1500,1500,
7195102740589,v7bssb-black-stainless-steel-black-pop-up-power-outlet,5,31180668272749,https://cdn.shopify.com/s/files/1/0564/0208/3949/files/onWhite_all_0004.jpg?v=1707449287,images/v7bssb-black-stainless-steel-black-pop-up-power-outlet/05-onWhite_all_0004.jpg,1500,1500,
7195102478445,v5wub-waterproof-black-pop-up-power-outlet,1,31180657721453,https://cdn.shopify.com/s/files/1/0564/0208/3949/files/onWhite_all_0038-e1668476136798.jpg?v=1707448852,images/v5wub-waterproof-black-pop-up-power-outlet/01-onWhite_all_0038-e1668476136798.jpg,1001,1001,
7195102478445,v5wub-waterproof-black-pop-up-power-outlet,2,31180657819757,https://cdn.shopify.com/s/files/1/0564/0208/3949/files/onWhite_all_0036.jpg?v=1707448852,images/v5wub-waterproof-black-pop-up-power-outlet/02-onWhite_all_0036.jpg,1500,1500,
7195102478445,v5wub-waterproof-black-pop-up-power-outlet,3,31180657918061,https://cdn.shopify.com/s/files/1/0564/0208/3949/files/onWhite_all_0037.jpg?v=1707448852,images/v5wub-waterproof-black-pop-up-power-outlet/03-onWhite_all_0037.jpg,1500,1500,
7195102478445,v5wub-waterproof-black-pop-up-power-outlet,4,31180657950829,https://cdn.shopify.com/s/files/1/0564/0208/3949/files/onWhite_all_0035.jpg?v=1707448852,images/v5wub-waterproof-black-pop-up-power-outlet/04-onWhite_all_0035.jpg,1500,1500,
7195102478445,v5wub-waterproof-black-pop-up-power-outlet,5,31180657983597,https://cdn.shopify.com/s/files/1/0564/0208/3949/files/onWhite_all_0039.jpg?v=1707448852,images/v5wub-waterproof-black-pop-up-power-outlet/05-onWhite_all_0039.jpg,1500,1500,
7195052310637,v3l-motorised-pop-up-power-socket-1,1,31180010520685,https://cdn.shopify.com/s/files/1/0564/0208/3949/files/V3L_UK_Model_Transparent-1.jpg?v=1707434339,images/v3l-motorised-pop-up-power-socket-1/01-V3L_UK_Model_Transparent-1.jpg,1225,1225,
7195052310637,v3l-motorised-pop-up-power-socket-1,2,31290609369197,https://cdn.shopify.com/s/files/1/0564/0208/3949/files/V3L_AU_WhiteBG_Model8.webp?v=1708908056,images/v3l-motorised-pop-up-power-socket-1/02-V3L_AU_WhiteBG_Model8.webp,3000,3000,
7195052310637,v3l-motorised-pop-up-power-socket-1,3,31179953340525,https://cdn.shopify.com/s/files/1/0564/0208/3949/files/V3L_WhiteBG_Model1.jpg?v=1708908056,images/v3l-motorised-pop-up-power-socket-1/03-V3L_WhiteBG_Model1.jpg,1500,1500,
7195052310637,v3l-motorised-pop-up-power-socket-1,4,31179953963117,https://cdn.shopify.com/s/files/1/0564/0208/3949/files/V3L_WhiteBG_Model6.jpg?v=1708908056,images/v3l-motorised-pop-up-power-socket-1/04-V3L_WhiteBG_Model6.jpg,1500,1500,
7195052310637,v3l-motorised-pop-up-power-socket-1,5,31179953668205,https://cdn.shopify.com/s/files/1/0564/0208/3949/files/V3L_WhiteBG_Model8.jpg?v=1708908056,images/v3l-motorised-pop-up-power-socket-1/05-V3L_WhiteBG_Model8.jpg,1500,1500,
7195052310637,v3l-motorised-pop-up-power-socket-1,6,31179953242221,https://cdn.shopify.com/s/files/1/0564/0208/3949/files/V3L_WhiteBG_Model10.jpg?v=1708908056,images/v3l-motorised-pop-up-power-socket-1/06-V3L_WhiteBG_Model10.jpg,1500,1500,
7195052310637,v3l-motorised-pop-up-power-socket-1,7,31179953307757,https://cdn.shopify.com/s/files/1/0564/0208/3949/files/V3L_WhiteBG_Model11.jpg?v=1708908056,images/v3l-motorised-pop-up-power-socket-1/07-V3L_WhiteBG_Model11.jpg,1500,1500,
7195052310637,v3l-motorised-pop-up-power-socket-1,8,31179953209453,https://cdn.shopify.com/s/files/1/0564/0208/3949/files/V3L_AU_TableModel2-scaled.jpg?v=1708908056,images/v3l-motorised-pop-up-power-socket-1/08-V3L_AU_TableModel2-scaled.jpg,1440,2560,
7195052310637,v3l-motorised-pop-up-power-socket-1,9,31179953897581,https://cdn.shopify.com/s/files/1/0564/0208/3949/files/V3L_UK_QiDemo_Transparent.jpg?v=1708908056,images/v3l-motorised-pop-up-power-socket-1/09-V3L_UK_QiDemo_Transparent.jpg,1500,1500,
7195052310637,v3l-motorised-pop-up-power-socket-1,10,31179953930349,https://cdn.shopify.com/s/files/1/0564/0208/3949/files/V3L_AU_Plug.jpg?v=1754050932,images/v3l-motorised-pop-up-power-socket-1/10-V3L_AU_Plug.jpg,1500,1500,
7195052310637,v3l-motorised-pop-up-power-socket-1,11,31179953176685,https://cdn.shopify.com/s/files/1/0564/0208/3949/files/V3L_WhiteBG_Hole.jpg?v=1754050932,images/v3l-motorised-pop-up-power-socket-1/11-V3L_WhiteBG_Hole.jpg,1500,1500,
7194891780205,v3cw-motorised-pop-up-power-point-w-usb,1,31174183026797,https://cdn.shopify.com/s/files/1/0564/0208/3949/files/onWhite_all_0033-1.jpg?v=1707375270,images/v3cw-motorised-pop-up-power-point-w-usb/01-onWhite_all_0033-1.jpg,1500,1500,
7194891780205,v3cw-motorised-pop-up-power-point-w-usb,2,31174182961261,https://cdn.shopify.com/s/files/1/0564/0208/3949/files/onWhite_all_0031.jpg?v=1708907869,images/v3cw-motorised-pop-up-power-point-w-usb/02-onWhite_all_0031.jpg,1500,1500,
7194891780205,v3cw-motorised-pop-up-power-point-w-usb,3,31174182928493,https://cdn.shopify.com/s/files/1/0564/0208/3949/files/onWhite_all_0030.jpg?v=1708907869,images/v3cw-motorised-pop-up-power-point-w-usb/03-onWhite_all_0030.jpg,1500,1500,
7194891780205,v3cw-motorised-pop-up-power-point-w-usb,4,31174182895725,https://cdn.shopify.com/s/files/1/0564/0208/3949/files/onWhite_all_0032.jpg?v=1707378420,images/v3cw-motorised-pop-up-power-point-w-usb/04-onWhite_all_0032.jpg,1500,1500,
7194891780205,v3cw-motorised-pop-up-power-point-w-usb,5,31174182600813,https://cdn.shopify.com/s/files/1/0564/0208/3949/files/onWhite_all_0029_ef01056f-6d97-492c-b16b-1f67929cfd7a.jpg?v=1707378420,images/v3cw-motorised-pop-up-power-point-w-usb/05-onWhite_all_0029_ef01056f-6d97-492c-b16b-1f67929cfd7a.jpg,1500,1500,
7194891780205,v3cw-motorised-pop-up-power-point-w-usb,6,31174182469741,https://cdn.shopify.com/s/files/1/0564/0208/3949/files/onWhite_all_0018-jpg.webp?v=1707378420,images/v3cw-motorised-pop-up-power-point-w-usb/06-onWhite_all_0018-jpg.webp,1200,1200,
7194891780205,v3cw-motorised-pop-up-power-point-w-usb,7,31174182633581,https://cdn.shopify.com/s/files/1/0564/0208/3949/files/onWhite_top_phone_0003-jpg.webp?v=1707378420,images/v3cw-motorised-pop-up-power-point-w-usb/07-onWhite_top_phone_0003-jpg.webp,1200,1200,
7194891780205,v3cw-motorised-pop-up-power-point-w-usb,8,31174182502509,https://cdn.shopify.com/s/files/1/0564/0208/3949/files/onWhite_top_0003-jpg.webp?v=1707375261,images/v3cw-motorised-pop-up-power-point-w-usb/08-onWhite_top_0003-jpg.webp,1200,1200,
7194891780205,v3cw-motorised-pop-up-power-point-w-usb,9,36592476029037,https://cdn.shopify.com/s/files/1/0564/0208/3949/files/modern-power-web-v3c-au-template-drawing.webp?v=1762859099,images/v3cw-motorised-pop-up-power-point-w-usb/09-modern-power-web-v3c-au-template-drawing.webp,3368,2382,
7194891452525,v3cs-motorised-pop-up-power-point-w-usb,1,31174137086061,https://cdn.shopify.com/s/files/1/0564/0208/3949/files/onWhite_all_0028-1.jpg?v=1707374798,images/v3cs-motorised-pop-up-power-point-w-usb/01-onWhite_all_0028-1.jpg,1500,1500,
7194891452525,v3cs-motorised-pop-up-power-point-w-usb,2,31174136889453,https://cdn.shopify.com/s/files/1/0564/0208/3949/files/onWhite_all_0026.jpg?v=1707374798,images/v3cs-motorised-pop-up-power-point-w-usb/02-onWhite_all_0026.jpg,1500,1500,
7194891452525,v3cs-motorised-pop-up-power-point-w-usb,3,31174136987757,https://cdn.shopify.com/s/files/1/0564/0208/3949/files/onWhite_all_0025.jpg?v=1707374798,images/v3cs-motorised-pop-up-power-point-w-usb/03-onWhite_all_0025.jpg,1500,1500,
7194891452525,v3cs-motorised-pop-up-power-point-w-usb,4,31174136922221,https://cdn.shopify.com/s/files/1/0564/0208/3949/files/onWhite_all_0027.jpg?v=1707374798,images/v3cs-motorised-pop-up-power-point-w-usb/04-onWhite_all_0027.jpg,1500,1500,
7194891452525,v3cs-motorised-pop-up-power-point-w-usb,5,31174137020525,https://cdn.shopify.com/s/files/1/0564/0208/3949/files/onWhite_all_0029.jpg?v=1707374798,images/v3cs-motorised-pop-up-power-point-w-usb/05-onWhite_all_0029.jpg,1500,1500,
7194891452525,v3cs-motorised-pop-up-power-point-w-usb,6,31174137151597,https://cdn.shopify.com/s/files/1/0564/0208/3949/files/onWhite_top_0002-jpg.webp?v=1707374798,images/v3cs-motorised-pop-up-power-point-w-usb/06-onWhite_top_0002-jpg.webp,1200,1200,
7194891452525,v3cs-motorised-pop-up-power-point-w-usb,7,31174137118829,https://cdn.shopify.com/s/files/1/0564/0208/3949/files/onWhite_all_0013-jpg.webp?v=1707374798,images/v3cs-motorised-pop-up-power-point-w-usb/07-onWhite_all_0013-jpg.webp,1200,1200,
7194891452525,v3cs-motorised-pop-up-power-point-w-usb,8,31174136823917,https://cdn.shopify.com/s/files/1/0564/0208/3949/files/onWhite_top_phone_0002-jpg.webp?v=1707374787,images/v3cs-motorised-pop-up-power-point-w-usb/08-onWhite_top_phone_0002-jpg.webp,1200,1200,
7194891452525,v3cs-motorised-pop-up-power-point-w-usb,9,36592476029037,https://cdn.shopify.com/s/files/1/0564/0208/3949/files/modern-power-web-v3c-au-template-drawing.webp?v=1762859099,images/v3cs-motorised-pop-up-power-point-w-usb/09-modern-power-web-v3c-au-template-drawing.webp,3368,2382,
7183300821101,v7bssb-eu-stainless-steel-top-pop-up-power-socket,1,33874394251373,https://cdn.shopify.com/s/files/1/0564/0208/3949/files/modernpower-web-v7bssb-eu-whitebackground-primary.webp?v=1741591706,images/v7bssb-eu-stainless-steel-top-pop-up-power-socket/01-modernpower-web-v7bssb-eu-whitebackground-primary.webp,1098,1098,
7183300821101,v7bssb-eu-stainless-steel-top-pop-up-power-socket,2,31027864076397,https://cdn.shopify.com/s/files/1/0564/0208/3949/files/onWhite_all_0002.jpg?v=1741591706,images/v7bssb-eu-stainless-steel-top-pop-up-power-socket/02-onWhite_all_0002.jpg,1500,1500,
7183300821101,v7bssb-eu-stainless-steel-top-pop-up-power-socket,3,31081088548973,https://cdn.shopify.com/s/files/1/0564/0208/3949/files/onWhite_all_0003_V7BSSB-EU.webp?v=1706069560,images/v7bssb-eu-stainless-steel-top-pop-up-power-socket/03-onWhite_all_0003_V7BSSB-EU.webp,1098,1098,
7180970721389,v3c-motorised-pop-up-power-point-w-usbhome,1,31004276424813,https://cdn.shopify.com/s/files/1/0564/0208/3949/files/onWhite_all_0023-2.jpg?v=1704946175,images/v3c-motorised-pop-up-power-point-w-usbhome/01-onWhite_all_0023-2.jpg,1500,1500,
7180970721389,v3c-motorised-pop-up-power-point-w-usbhome,2,31004276260973,https://cdn.shopify.com/s/files/1/0564/0208/3949/files/onWhite_all_0021.jpg?v=1704946175,images/v3c-motorised-pop-up-power-point-w-usbhome/02-onWhite_all_0021.jpg,1500,1500,
7180970721389,v3c-motorised-pop-up-power-point-w-usbhome,3,31004276326509,https://cdn.shopify.com/s/files/1/0564/0208/3949/files/onWhite_all_0020.jpg?v=1707374835,images/v3c-motorised-pop-up-power-point-w-usbhome/03-onWhite_all_0020.jpg,1500,1500,
7180970721389,v3c-motorised-pop-up-power-point-w-usbhome,4,31004276523117,https://cdn.shopify.com/s/files/1/0564/0208/3949/files/onWhite_all_0022.jpg?v=1707374835,images/v3c-motorised-pop-up-power-point-w-usbhome/04-onWhite_all_0022.jpg,1500,1500,
7180970721389,v3c-motorised-pop-up-power-point-w-usbhome,5,31004276490349,https://cdn.shopify.com/s/files/1/0564/0208/3949/files/onWhite_all_0024.jpg?v=1707374835,images/v3c-motorised-pop-up-power-point-w-usbhome/05-onWhite_all_0024.jpg,1500,1500,
7180970721389,v3c-motorised-pop-up-power-point-w-usbhome,6,31004276392045,https://cdn.shopify.com/s/files/1/0564/0208/3949/files/onWhite_top_phone_0001-jpg.webp?v=1707374835,images/v3c-motorised-pop-up-power-point-w-usbhome/06-onWhite_top_phone_0001-jpg.webp,1200,1200,
7180970721389,v3c-motorised-pop-up-power-point-w-usbhome,7,31004276228205,https://cdn.shopify.com/s/files/1/0564/0208/3949/files/onWhite_top_0001-jpg.webp?v=1707374835,images/v3c-motorised-pop-up-power-point-w-usbhome/07-onWhite_top_0001-jpg.webp,1200,1200,
7180970721389,v3c-motorised-pop-up-power-point-w-usbhome,8,31004276457581,https://cdn.shopify.com/s/files/1/0564/0208/3949/files/onWhite_all_0008-jpg.webp?v=1704946099,images/v3c-motorised-pop-up-power-point-w-usbhome/08-onWhite_all_0008-jpg.webp,1200,1200,
7180970721389,v3c-motorised-pop-up-power-point-w-usbhome,9,36592476029037,https://cdn.shopify.com/s/files/1/0564/0208/3949/files/modern-power-web-v3c-au-template-drawing.webp?v=1762859099,images/v3c-motorised-pop-up-power-point-w-usbhome/09-modern-power-web-v3c-au-template-drawing.webp,3368,2382,
7180958597229,v2gsb-glossy-silver-top-black-face-pop-up-power-outlet,1,31004152135789,https://cdn.shopify.com/s/files/1/0564/0208/3949/files/onWhite_all_0005-jpg-e1695101433320.webp?v=1704943428,images/v2gsb-glossy-silver-top-black-face-pop-up-power-outlet/01-onWhite_all_0005-jpg-e1695101433320.webp,1200,1200,
7180958597229,v2gsb-glossy-silver-top-black-face-pop-up-power-outlet,2,31004226420845,https://cdn.shopify.com/s/files/1/0564/0208/3949/files/onWhite_new_0007.webp?v=1708907811,images/v2gsb-glossy-silver-top-black-face-pop-up-power-outlet/02-onWhite_new_0007.webp,1500,1500,
7180958597229,v2gsb-glossy-silver-top-black-face-pop-up-power-outlet,3,31004152103021,https://cdn.shopify.com/s/files/1/0564/0208/3949/files/V2GSB_AU_Model9.webp?v=1708907811,images/v2gsb-glossy-silver-top-black-face-pop-up-power-outlet/03-V2GSB_AU_Model9.webp,1500,1500,
7180951945325,v1sc-pop-up-power-outlet-silver,1,31004074573933,https://cdn.shopify.com/s/files/1/0564/0208/3949/files/onWhite_all_0013-jpg-e1695101360395.webp?v=1704942011,images/v1sc-pop-up-power-outlet-silver/01-onWhite_all_0013-jpg-e1695101360395.webp,1000,1000,
7180951945325,v1sc-pop-up-power-outlet-silver,2,31004074541165,https://cdn.shopify.com/s/files/1/0564/0208/3949/files/V1SC_AU_WhiteBG_Model2.jpg?v=1708907806,images/v1sc-pop-up-power-outlet-silver/02-V1SC_AU_WhiteBG_Model2.jpg,1500,1500,
7180951945325,v1sc-pop-up-power-outlet-silver,3,31004074475629,https://cdn.shopify.com/s/files/1/0564/0208/3949/files/V1SC_AU_WhiteBG_Model3.jpg?v=1708907806,images/v1sc-pop-up-power-outlet-silver/03-V1SC_AU_WhiteBG_Model3.jpg,1500,1500,
7180951945325,v1sc-pop-up-power-outlet-silver,4,31004074508397,https://cdn.shopify.com/s/files/1/0564/0208/3949/files/V1SC_AU_WhiteBG_Model1.jpg?v=1708907806,images/v1sc-pop-up-power-outlet-silver/04-V1SC_AU_WhiteBG_Model1.jpg,1500,1500,
7180914360429,v1bc-pop-up-power-outlet-black,1,31003797454957,https://cdn.shopify.com/s/files/1/0564/0208/3949/files/onWhite_all_0017-jpg-e1695101260666-600x600.webp?v=1704934511,images/v1bc-pop-up-power-outlet-black/01-onWhite_all_0017-jpg-e1695101260666-600x600.webp,600,600,
7180914360429,v1bc-pop-up-power-outlet-black,2,31003797487725,https://cdn.shopify.com/s/files/1/0564/0208/3949/files/onWhite_all_0019-jpg.webp?v=1708907798,images/v1bc-pop-up-power-outlet-black/02-onWhite_all_0019-jpg.webp,1500,1500,
7180914360429,v1bc-pop-up-power-outlet-black,3,31003797389421,https://cdn.shopify.com/s/files/1/0564/0208/3949/files/V1BC_AU_TransparentBG_Model1.jpg?v=1708907798,images/v1bc-pop-up-power-outlet-black/03-V1BC_AU_TransparentBG_Model1.jpg,1500,1500,
7180914360429,v1bc-pop-up-power-outlet-black,4,31003797553261,https://cdn.shopify.com/s/files/1/0564/0208/3949/files/V1BC_AU_TransparentBG_Model3.jpg?v=1704934510,images/v1bc-pop-up-power-outlet-black/04-V1BC_AU_TransparentBG_Model3.jpg,1500,1500,
7180914360429,v1bc-pop-up-power-outlet-black,5,31003797586029,https://cdn.shopify.com/s/files/1/0564/0208/3949/files/White_0000-1.webp?v=1704934510,images/v1bc-pop-up-power-outlet-black/05-White_0000-1.webp,1500,844,
7180914360429,v1bc-pop-up-power-outlet-black,6,31003797520493,https://cdn.shopify.com/s/files/1/0564/0208/3949/files/White_close_0000_a3fd69f9-0738-4d3a-a858-b2dfc9383d22.webp?v=1704934510,images/v1bc-pop-up-power-outlet-black/06-White_close_0000_a3fd69f9-0738-4d3a-a858-b2dfc9383d22.webp,1500,844,
7169068400749,v14b-quad-sided-pop-up-power-socket-black,1,31081052995693,https://cdn.shopify.com/s/files/1/0564/0208/3949/files/onWhite_all_0038.webp?v=1706068698,images/v14b-quad-sided-pop-up-power-socket-black/01-onWhite_all_0038.webp,1600,1600,
7169068400749,v14b-quad-sided-pop-up-power-socket-black,2,30844615786605,https://cdn.shopify.com/s/files/1/0564/0208/3949/files/MW-V14-UK.webp?v=1706068698,images/v14b-quad-sided-pop-up-power-socket-black/02-MW-V14-UK.webp,1920,1536,
7169068400749,v14b-quad-sided-pop-up-power-socket-black,3,30844615753837,https://cdn.shopify.com/s/files/1/0564/0208/3949/files/onWhite_top_0004-jpg.webp?v=1706068698,images/v14b-quad-sided-pop-up-power-socket-black/03-onWhite_top_0004-jpg.webp,1200,1200,
7169068400749,v14b-quad-sided-pop-up-power-socket-black,4,30844615491693,https://cdn.shopify.com/s/files/1/0564/0208/3949/files/EX-V14-UK.webp?v=1706068698,images/v14b-quad-sided-pop-up-power-socket-black/04-EX-V14-UK.webp,600,480,
7169068400749,v14b-quad-sided-pop-up-power-socket-black,5,30844615426157,https://cdn.shopify.com/s/files/1/0564/0208/3949/files/onWhite_all_0039-jpg.webp?v=1706068698,images/v14b-quad-sided-pop-up-power-socket-black/05-onWhite_all_0039-jpg.webp,600,600,
7169068400749,v14b-quad-sided-pop-up-power-socket-black,6,30844615458925,https://cdn.shopify.com/s/files/1/0564/0208/3949/files/onWhite_top_phone_0004-jpg.webp?v=1706068698,images/v14b-quad-sided-pop-up-power-socket-black/06-onWhite_top_phone_0004-jpg.webp,600,600,
7169068400749,v14b-quad-sided-pop-up-power-socket-black,7,30844615557229,https://cdn.shopify.com/s/files/1/0564/0208/3949/files/onWhite_all_0038-jpg-e1687140034925.webp?v=1706068698,images/v14b-quad-sided-pop-up-power-socket-black/07-onWhite_all_0038-jpg-e1687140034925.webp,699,699,
7169068236909,v3cw-white-motorised-pop-up-socket,1,31081032188013,https://cdn.shopify.com/s/files/1/0564/0208/3949/files/onWhite_V3C_UK_0010.webp?v=1706068281,images/v3cw-white-motorised-pop-up-socket/01-onWhite_V3C_UK_0010.webp,2000,2000,
7169068236909,v3cw-white-motorised-pop-up-socket,2,30844595732589,https://cdn.shopify.com/s/files/1/0564/0208/3949/files/onWhite_V3C_UK_0009-jpg.webp?v=1706068281,images/v3cw-white-motorised-pop-up-socket/02-onWhite_V3C_UK_0009-jpg.webp,1500,1500,
7169068236909,v3cw-white-motorised-pop-up-socket,3,30844595994733,https://cdn.shopify.com/s/files/1/0564/0208/3949/files/onWhite_USA_0011-jpg.webp?v=1706068281,images/v3cw-white-motorised-pop-up-socket/03-onWhite_USA_0011-jpg.webp,1500,1500,
7169068236909,v3cw-white-motorised-pop-up-socket,4,30844595830893,https://cdn.shopify.com/s/files/1/0564/0208/3949/files/onWhite_V3C_UK_0011-jpg.webp?v=1706068281,images/v3cw-white-motorised-pop-up-socket/04-onWhite_V3C_UK_0011-jpg.webp,600,600,
7169068236909,v3cw-white-motorised-pop-up-socket,5,30844595896429,https://cdn.shopify.com/s/files/1/0564/0208/3949/files/onWhite_V3C_UK_0010-jpg-e1695102712964.webp?v=1706068281,images/v3cw-white-motorised-pop-up-socket/05-onWhite_V3C_UK_0010-jpg-e1695102712964.webp,950,950,
7169068236909,v3cw-white-motorised-pop-up-socket,6,36592475996269,https://cdn.shopify.com/s/files/1/0564/0208/3949/files/modern-power-web-v3c-uk-template-drawing.webp?v=1762905040,images/v3cw-white-motorised-pop-up-socket/06-modern-power-web-v3c-uk-template-drawing.webp,3368,2382,
7169068073069,v3cs-silver-motorised-pop-up-socket,1,31081032646765,https://cdn.shopify.com/s/files/1/0564/0208/3949/files/onWhite_V3C_UK_0006.webp?v=1706068308,images/v3cs-silver-motorised-pop-up-socket/01-onWhite_V3C_UK_0006.webp,2000,2000,
7169068073069,v3cs-silver-motorised-pop-up-socket,2,30844568076397,https://cdn.shopify.com/s/files/1/0564/0208/3949/files/onWhite_V3C_UK_0005-jpg.webp?v=1706068308,images/v3cs-silver-motorised-pop-up-socket/02-onWhite_V3C_UK_0005-jpg.webp,1500,1500,
7169068073069,v3cs-silver-motorised-pop-up-socket,3,30844567945325,https://cdn.shopify.com/s/files/1/0564/0208/3949/files/onWhite_USA_0007-jpg.webp?v=1706068308,images/v3cs-silver-motorised-pop-up-socket/03-onWhite_USA_0007-jpg.webp,1500,1500,
7169068073069,v3cs-silver-motorised-pop-up-socket,4,30844568174701,https://cdn.shopify.com/s/files/1/0564/0208/3949/files/onWhite_V3C_UK_0007-jpg.webp?v=1706068308,images/v3cs-silver-motorised-pop-up-socket/04-onWhite_V3C_UK_0007-jpg.webp,600,600,
7169068073069,v3cs-silver-motorised-pop-up-socket,5,30844567978093,https://cdn.shopify.com/s/files/1/0564/0208/3949/files/onWhite_V3C_UK_0006-jpg-e1695102807279.webp?v=1706068308,images/v3cs-silver-motorised-pop-up-socket/05-onWhite_V3C_UK_0006-jpg-e1695102807279.webp,950,950,
7169068073069,v3cs-silver-motorised-pop-up-socket,6,36592475996269,https://cdn.shopify.com/s/files/1/0564/0208/3949/files/modern-power-web-v3c-uk-template-drawing.webp?v=1762905040,images/v3cs-silver-motorised-pop-up-socket/06-modern-power-web-v3c-uk-template-drawing.webp,3368,2382,
7169067909229,v3c-black-motorised-pop-up-socket,1,31081033629805,https://cdn.shopify.com/s/files/1/0564/0208/3949/files/onWhite_V3C_UK_0002.webp?v=1706068340,images/v3c-black-motorised-pop-up-socket/01-onWhite_V3C_UK_0002.webp,2000,2000,
7169067909229,v3c-black-motorised-pop-up-socket,2,30844557852781,https://cdn.shopify.com/s/files/1/0564/0208/3949/files/onWhite_V3C_UK_0001-jpg.webp?v=1706068340,images/v3c-black-motorised-pop-up-socket/02-onWhite_V3C_UK_0001-jpg.webp,600,600,
7169067909229,v3c-black-motorised-pop-up-socket,3,30844557754477,https://cdn.shopify.com/s/files/1/0564/0208/3949/files/onWhite_V3C_UK_0002-jpg.webp?v=1706068340,images/v3c-black-motorised-pop-up-socket/03-onWhite_V3C_UK_0002-jpg.webp,1500,1500,
7169067909229,v3c-black-motorised-pop-up-socket,4,30844557688941,https://cdn.shopify.com/s/files/1/0564/0208/3949/files/onWhite_V3C_UK_0003-jpg.webp?v=1706068340,images/v3c-black-motorised-pop-up-socket/04-onWhite_V3C_UK_0003-jpg.webp,600,600,
7169067909229,v3c-black-motorised-pop-up-socket,5,30844557820013,https://cdn.shopify.com/s/files/1/0564/0208/3949/files/onWhite_withTable_0006-jpg-e1695102334900.webp?v=1706068340,images/v3c-black-motorised-pop-up-socket/05-onWhite_withTable_0006-jpg-e1695102334900.webp,721,721,
7169067909229,v3c-black-motorised-pop-up-socket,6,30844557656173,https://cdn.shopify.com/s/files/1/0564/0208/3949/files/onWhite_all_000002-jpg-e1695102444852.webp?v=1706068340,images/v3c-black-motorised-pop-up-socket/06-onWhite_all_000002-jpg-e1695102444852.webp,950,950,
7169067909229,v3c-black-motorised-pop-up-socket,7,36592475996269,https://cdn.shopify.com/s/files/1/0564/0208/3949/files/modern-power-web-v3c-uk-template-drawing.webp?v=1762905040,images/v3c-black-motorised-pop-up-socket/07-modern-power-web-v3c-uk-template-drawing.webp,3368,2382,
7169067810925,v3l-motorised-pop-up-power-socket,1,31290631716973,https://cdn.shopify.com/s/files/1/0564/0208/3949/files/V3L_UK_Model_Transparentcopy.webp?v=1708908577,images/v3l-motorised-pop-up-power-socket/01-V3L_UK_Model_Transparentcopy.webp,1700,1700,
7169067810925,v3l-motorised-pop-up-power-socket,2,31081024028781,https://cdn.shopify.com/s/files/1/0564/0208/3949/files/V3L_UK_PSD19.webp?v=1708908577,images/v3l-motorised-pop-up-power-socket/02-V3L_UK_PSD19.webp,3000,3000,
7169067810925,v3l-motorised-pop-up-power-socket,3,30844509323373,https://cdn.shopify.com/s/files/1/0564/0208/3949/files/V3L_WhiteBG_Model11.webp?v=1708908577,images/v3l-motorised-pop-up-power-socket/03-V3L_WhiteBG_Model11.webp,1500,1500,
7169067810925,v3l-motorised-pop-up-power-socket,4,30844508569709,https://cdn.shopify.com/s/files/1/0564/0208/3949/files/V3L_UK_QiDemo.webp?v=1708908577,images/v3l-motorised-pop-up-power-socket/04-V3L_UK_QiDemo.webp,1500,1500,
7169067810925,v3l-motorised-pop-up-power-socket,5,30844508438637,https://cdn.shopify.com/s/files/1/0564/0208/3949/files/V3L_UK_TableModel_Transparent-scaled.webp?v=1708908577,images/v3l-motorised-pop-up-power-socket/05-V3L_UK_TableModel_Transparent-scaled.webp,600,1067,
7169067810925,v3l-motorised-pop-up-power-socket,6,30844508733549,https://cdn.shopify.com/s/files/1/0564/0208/3949/files/V3L_UK_TableModel2-scaled.webp?v=1708908577,images/v3l-motorised-pop-up-power-socket/06-V3L_UK_TableModel2-scaled.webp,1440,2560,
7169067810925,v3l-motorised-pop-up-power-socket,7,30844509126765,https://cdn.shopify.com/s/files/1/0564/0208/3949/files/V3L_UK_WhiteBG_Model4.webp?v=1708908577,images/v3l-motorised-pop-up-power-socket/07-V3L_UK_WhiteBG_Model4.webp,600,600,
7169067810925,v3l-motorised-pop-up-power-socket,8,30844509093997,https://cdn.shopify.com/s/files/1/0564/0208/3949/files/V3L_WhiteBG_Model3.webp?v=1708908577,images/v3l-motorised-pop-up-power-socket/08-V3L_WhiteBG_Model3.webp,600,600,
7169067810925,v3l-motorised-pop-up-power-socket,9,30844508930157,https://cdn.shopify.com/s/files/1/0564/0208/3949/files/V3L_WhiteBG_Model7.webp?v=1708908577,images/v3l-motorised-pop-up-power-socket/09-V3L_WhiteBG_Model7.webp,600,600,
7169067810925,v3l-motorised-pop-up-power-socket,10,30844509028461,https://cdn.shopify.com/s/files/1/0564/0208/3949/files/V3L_WhiteBG_Model9.webp?v=1708908577,images/v3l-motorised-pop-up-power-socket/10-V3L_WhiteBG_Model9.webp,600,600,
7169067810925,v3l-motorised-pop-up-power-socket,11,30844508864621,https://cdn.shopify.com/s/files/1/0564/0208/3949/files/V3L_UK_Plug.webp?v=1708908577,images/v3l-motorised-pop-up-power-socket/11-V3L_UK_Plug.webp,600,600,
7169067810925,v3l-motorised-pop-up-power-socket,12,30844508799085,https://cdn.shopify.com/s/files/1/0564/0208/3949/files/V3L_UK_WhiteBG_Model7.webp?v=1708908577,images/v3l-motorised-pop-up-power-socket/12-V3L_UK_WhiteBG_Model7.webp,1500,1500,
7169067810925,v3l-motorised-pop-up-power-socket,13,30844509257837,https://cdn.shopify.com/s/files/1/0564/0208/3949/files/V3L_WhiteBG_Hole.webp?v=1708908577,images/v3l-motorised-pop-up-power-socket/13-V3L_WhiteBG_Hole.webp,1500,1500,
7169057259629,v1bc-pop-up-power-socket-black,1,31065336184941,https://cdn.shopify.com/s/files/1/0564/0208/3949/files/onWhite_uk_0001_1.png?v=1705820817,images/v1bc-pop-up-power-socket-black/01-onWhite_uk_0001_1.png,990,990,
7169057259629,v1bc-pop-up-power-socket-black,2,30842944094317,https://cdn.shopify.com/s/files/1/0564/0208/3949/files/V1BC_AU_TransparentBG_Model3.webp?v=1706067802,images/v1bc-pop-up-power-socket-black/02-V1BC_AU_TransparentBG_Model3.webp,1500,1500,
7169057259629,v1bc-pop-up-power-socket-black,3,30842944651373,https://cdn.shopify.com/s/files/1/0564/0208/3949/files/onWhite_uk_0000_trans.webp?v=1706067802,images/v1bc-pop-up-power-socket-black/03-onWhite_uk_0000_trans.webp,600,600,
7169057259629,v1bc-pop-up-power-socket-black,4,30842940948589,https://cdn.shopify.com/s/files/1/0564/0208/3949/files/onWhite_uk_0001.webp?v=1706067802,images/v1bc-pop-up-power-socket-black/04-onWhite_uk_0001.webp,1500,1500,
7158143746157,v3cs-motorized-pop-up-outlet-with-usb,1,33699994402925,https://cdn.shopify.com/s/files/1/0564/0208/3949/files/modern-power-web-v3cs-us-motorized-kitchen-popup-outlet-main-whitebg.webp?v=1739430344,images/v3cs-motorized-pop-up-outlet-with-usb/01-modern-power-web-v3cs-us-motorized-kitchen-popup-outlet-main-whitebg.webp,1800,1800,
7158143746157,v3cs-motorized-pop-up-outlet-with-usb,2,30780872622189,https://cdn.shopify.com/s/files/1/0564/0208/3949/files/onWhite_V3C_USA_0005.webp?v=1739430344,images/v3cs-motorized-pop-up-outlet-with-usb/02-onWhite_V3C_USA_0005.webp,1500,1500,
7158143746157,v3cs-motorized-pop-up-outlet-with-usb,3,30780872523885,https://cdn.shopify.com/s/files/1/0564/0208/3949/files/onWhite_V3C_USA_0007.webp?v=1739430344,images/v3cs-motorized-pop-up-outlet-with-usb/03-onWhite_V3C_USA_0007.webp,1500,1500,
7158143746157,v3cs-motorized-pop-up-outlet-with-usb,4,30780872556653,https://cdn.shopify.com/s/files/1/0564/0208/3949/files/onWhite_V3C_USA_0008-1-600x600.webp?v=1739430344,images/v3cs-motorized-pop-up-outlet-with-usb/04-onWhite_V3C_USA_0008-1-600x600.webp,600,600,
7158143746157,v3cs-motorized-pop-up-outlet-with-usb,5,36592476061805,https://cdn.shopify.com/s/files/1/0564/0208/3949/files/modern-power-web-v3c-usa-template-drawing.webp?v=1762905036,images/v3cs-motorized-pop-up-outlet-with-usb/05-modern-power-web-v3c-usa-template-drawing.webp,3368,2382,
7158144761965,v3cw-white-motorized-pop-up-outlet-with-usb,1,33700002889837,https://cdn.shopify.com/s/files/1/0564/0208/3949/files/modern-power-web-v3cw-us-motorized-kitchen-popup-outlet-main-whitebg.webp?v=1739430503,images/v3cw-white-motorized-pop-up-outlet-with-usb/01-modern-power-web-v3cw-us-motorized-kitchen-popup-outlet-main-whitebg.webp,1800,1800,
7158144761965,v3cw-white-motorized-pop-up-outlet-with-usb,2,30780882747501,https://cdn.shopify.com/s/files/1/0564/0208/3949/files/onWhite_V3C_USA_0009.webp?v=1739430503,images/v3cw-white-motorized-pop-up-outlet-with-usb/02-onWhite_V3C_USA_0009.webp,1500,1500,
7158144761965,v3cw-white-motorized-pop-up-outlet-with-usb,3,30780882813037,https://cdn.shopify.com/s/files/1/0564/0208/3949/files/onWhite_V3C_USA_0008-1-scaled.webp?v=1739430503,images/v3cw-white-motorized-pop-up-outlet-with-usb/03-onWhite_V3C_USA_0008-1-scaled.webp,2560,2560,
7158144761965,v3cw-white-motorized-pop-up-outlet-with-usb,4,30780882878573,https://cdn.shopify.com/s/files/1/0564/0208/3949/files/onWhite_V3C_USA_0011.webp?v=1739430503,images/v3cw-white-motorized-pop-up-outlet-with-usb/04-onWhite_V3C_USA_0011.webp,1500,1500,
7158144761965,v3cw-white-motorized-pop-up-outlet-with-usb,5,36592476061805,https://cdn.shopify.com/s/files/1/0564/0208/3949/files/modern-power-web-v3c-usa-template-drawing.webp?v=1762905036,images/v3cw-white-motorized-pop-up-outlet-with-usb/05-modern-power-web-v3c-usa-template-drawing.webp,3368,2382,
7157886287981,gfci-adapter,1,34011093237869,https://cdn.shopify.com/s/files/1/0564/0208/3949/files/GFCI1_Trans_Main_WhitebG.webp?v=1743402729,images/gfci-adapter/01-GFCI1_Trans_Main_WhitebG.webp,990,990,
7157886287981,gfci-adapter,2,34011093205101,https://cdn.shopify.com/s/files/1/0564/0208/3949/files/GFCI2_Trans_Main_WhitebG.webp?v=1743402729,images/gfci-adapter/02-GFCI2_Trans_Main_WhitebG.webp,990,990,
7156682457197,v3c-motorized-pop-up-outlet-with-usb,1,33699998761069,https://cdn.shopify.com/s/files/1/0564/0208/3949/files/modern-power-web-v3c-us-motorized-kitchen-popup-outlet-main-whitebg_fba732ca-c691-4dba-939d-8e19c30154f6.webp?v=1739430448,images/v3c-motorized-pop-up-outlet-with-usb/01-modern-power-web-v3c-us-motorized-kitchen-popup-outlet-main-whitebg_fba732ca-c691-4dba-939d-8e19c30154f6.webp,1800,1800,
7156682457197,v3c-motorized-pop-up-outlet-with-usb,2,30769453138029,https://cdn.shopify.com/s/files/1/0564/0208/3949/files/onWhite_V3C_USA_0001-600x600.webp?v=1739430448,images/v3c-motorized-pop-up-outlet-with-usb/02-onWhite_V3C_USA_0001-600x600.webp,600,600,
7156682457197,v3c-motorized-pop-up-outlet-with-usb,3,30769453236333,https://cdn.shopify.com/s/files/1/0564/0208/3949/files/onWhite_V3C_USA_0003.webp?v=1739430448,images/v3c-motorized-pop-up-outlet-with-usb/03-onWhite_V3C_USA_0003.webp,1500,1500,
7156682457197,v3c-motorized-pop-up-outlet-with-usb,4,30769453203565,https://cdn.shopify.com/s/files/1/0564/0208/3949/files/onWhite_V3C_USA_0004-1-scaled.webp?v=1739430448,images/v3c-motorized-pop-up-outlet-with-usb/04-onWhite_V3C_USA_0004-1-scaled.webp,2560,2560,
7156682457197,v3c-motorized-pop-up-outlet-with-usb,5,36592476061805,https://cdn.shopify.com/s/files/1/0564/0208/3949/files/modern-power-web-v3c-usa-template-drawing.webp?v=1762905036,images/v3c-motorized-pop-up-outlet-with-usb/05-modern-power-web-v3c-usa-template-drawing.webp,3368,2382,
7154321129581,point-pod-connect-black-pop-up-electrical-outlet,1,33699977527405,https://cdn.shopify.com/s/files/1/0564/0208/3949/files/modern-power-web-point-pod-connect-black-kitchen-outlet-main-whitebg.webp?v=1739430006,images/point-pod-connect-black-pop-up-electrical-outlet/01-modern-power-web-point-pod-connect-black-kitchen-outlet-main-whitebg.webp,1753,1753,44984010211437
7154321129581,point-pod-connect-black-pop-up-electrical-outlet,2,30752579059821,https://cdn.shopify.com/s/files/1/0564/0208/3949/files/modern-power-web-point-pod-connect-black-kitchen-outlet-full-body-whitebg.webp?v=1739430039,images/point-pod-connect-black-pop-up-electrical-outlet/02-modern-power-web-point-pod-connect-black-kitchen-outlet-full-body-whitebg.webp,3000,3000,
7154321129581,point-pod-connect-black-pop-up-electrical-outlet,3,30820863475821,https://cdn.shopify.com/s/files/1/0564/0208/3949/files/modern-power-web-point-pod-connect-black-kitchen-outlet-cable-plug-whitebg.webp?v=1739430058,images/point-pod-connect-black-pop-up-electrical-outlet/03-modern-power-web-point-pod-connect-black-kitchen-outlet-cable-plug-whitebg.webp,3000,3000,
7154321129581,point-pod-connect-black-pop-up-electrical-outlet,4,30752579125357,https://cdn.shopify.com/s/files/1/0564/0208/3949/files/modern-power-web-point-pod-connect-black-kitchen-outlet-top-whitebg.webp?v=1739430070,images/point-pod-connect-black-pop-up-electrical-outlet/04-modern-power-web-point-pod-connect-black-kitchen-outlet-top-whitebg.webp,3000,3000,
7154321129581,point-pod-connect-black-pop-up-electrical-outlet,5,37921075101805,https://cdn.shopify.com/s/files/1/0564/0208/3949/files/modern-power-web-point-pod-connect-black-kitchen-outlet-main-whitebg-ppcv815pdb.webp?v=1775357466,images/point-pod-connect-black-pop-up-electrical-outlet/05-modern-power-web-point-pod-connect-black-kitchen-outlet-main-whitebg-ppcv815pdb.webp,1753,1753,44984010244205
7146163011693,point-pod-connect-silver-counter-pop-up-outlet,1,37944741757037,https://cdn.shopify.com/s/files/1/0564/0208/3949/files/modern-power-web-point-pod-connect-silver-kitchen-outlet-main-whitebg-ppcv815.webp?v=1775553333,images/point-pod-connect-silver-counter-pop-up-outlet/01-modern-power-web-point-pod-connect-silver-kitchen-outlet-main-whitebg-ppcv815.webp,1753,1753,44983420878957
7146163011693,point-pod-connect-silver-counter-pop-up-outlet,2,30682932346989,https://cdn.shopify.com/s/files/1/0564/0208/3949/files/onWhite_all_pointpod_0006.png?v=1775553333,images/point-pod-connect-silver-counter-pop-up-outlet/02-onWhite_all_pointpod_0006.png,3000,3000,
7146163011693,point-pod-connect-silver-counter-pop-up-outlet,3,30820857315437,https://cdn.shopify.com/s/files/1/0564/0208/3949/files/onWhite_all_pointpod_0007.webp?v=1775553333,images/point-pod-connect-silver-counter-pop-up-outlet/03-onWhite_all_pointpod_0007.webp,3000,3000,
7146163011693,point-pod-connect-silver-counter-pop-up-outlet,4,30682932150381,https://cdn.shopify.com/s/files/1/0564/0208/3949/files/onWhite_all_pointpod_0005.png?v=1775553333,images/point-pod-connect-silver-counter-pop-up-outlet/04-onWhite_all_pointpod_0005.png,3000,3000,
7146163011693,point-pod-connect-silver-counter-pop-up-outlet,5,37917509681261,https://cdn.shopify.com/s/files/1/0564/0208/3949/files/modern-power-web-ppcv815pd-65w-point-pod-primary.webp?v=1775553333,images/point-pod-connect-silver-counter-pop-up-outlet/05-modern-power-web-ppcv815pd-65w-point-pod-primary.webp,3000,3000,44983420911725
