id,title,handle,url,vendor,product_type,tags,price_min,price_max,variant_count,main_image,image_count,description_text
8121980551277,V16B: Black Pop Up Outlet with Light & 65w USB-C,v16b-black-pop-up-outlet-with-light-65w-usb-c,https://modernpower.solutions/products/v16b-black-pop-up-outlet-with-light-65w-usb-c,Modern Power Solutions,Pop Up Outlet,"15 Amps, 4"" Hole, 65W USB-C, Gas-Strut Lift, Light, Pop Up Outlet, Primary, US Sockets, USB-A, USB-C, Wireless Charging",249.95,249.95,1,https://cdn.shopify.com/s/files/1/0564/0208/3949/files/modern-power-web-v16b-us-primary-image.webp?v=1781248453,9,"Introducing the V16 Pop-Up Power Outlet from Modern Power Solutions – a premium, space-saving power solution designed for modern kitchens, islands, benchtops, and workspaces.

Engineered with a robust aluminium construction and smooth gas strut operation, the V16 delivers reliable performance, exceptional durability, and a refined user experience. The unit installs neatly into a standard 100mm (4"") cut-out, providing discreet access to power when needed while maintaining a clean, uncluttered surface when closed.

The V16 features two power outlets alongside advanced USB charging, including a high-power 65W USB-C port capable of fast charging laptops, tablets, smartphones, and other USB-C devices. A built-in warm white LED light provides subtle ambient illumination and can be dimmed to suit any environment.

Designed for simple installation, the V16 is supplied fully wired with a power cable and secures easily into place using the included locking ring. Its plug-and-play design eliminates complicated wiring, making installation fast and straightforward.

Certified for both US and UK markets, the V16 meets stringent international safety standards and is backed by a 24-month warranty for complete peace of mind.

Key Features

- Premium aluminium construction
- Smooth gas strut pop-up mechanism
- Two integrated power outlets
- High-power 65W USB-C fast charging
- Additional USB charging ports
- Dimmable warm white LED light
- Standard 100mm (4"") installation hole size
- Plug-and-play installation
- Supplied pre-wired with power cable
- Easy mounting with locking ring
- US and UK certified models available
- 24-month manufacturer's warranty

The V16 combines premium aesthetics, convenient power access, and advanced charging technology, making it the ideal pop-up power outlet for contemporary residential and commercial spaces."
8119402397805,V16S: Silver Pop Up Outlet with Light & 65w USB-C,v16s-silver-pop-up-outlet-with-light-and-65w-usb-c,https://modernpower.solutions/products/v16s-silver-pop-up-outlet-with-light-and-65w-usb-c,Modern Power Solutions,Pop Up Outlet,"15 Amps, 4"" Hole, 65W USB-C, Gas-Strut Lift, Light, Pop Up Outlet, Primary, US Sockets, USB-A, USB-C, Wireless Charging",249.95,249.95,1,https://cdn.shopify.com/s/files/1/0564/0208/3949/files/modern-power-web-v16s-us-primary-image.webp?v=1781074159,9,"Introducing the V16 Pop-Up Power Outlet from Modern Power Solutions – a premium, space-saving power solution designed for modern kitchens, islands, benchtops, and workspaces.

Engineered with a robust aluminium construction and smooth gas strut operation, the V16 delivers reliable performance, exceptional durability, and a refined user experience. The unit installs neatly into a standard 100mm (4"") cut-out, providing discreet access to power when needed while maintaining a clean, uncluttered surface when closed.

The V16 features two power outlets alongside advanced USB charging, including a high-power 65W USB-C port capable of fast charging laptops, tablets, smartphones, and other USB-C devices. A built-in warm white LED light provides subtle ambient illumination and can be dimmed to suit any environment.

Designed for simple installation, the V16 is supplied fully wired with a power cable and secures easily into place using the included locking ring. Its plug-and-play design eliminates complicated wiring, making installation fast and straightforward.

Certified for both US and UK markets, the V16 meets stringent international safety standards and is backed by a 24-month warranty for complete peace of mind.

Key Features

- Premium aluminium construction
- Smooth gas strut pop-up mechanism
- Two integrated power outlets
- High-power 65W USB-C fast charging
- Additional USB charging ports
- Dimmable warm white LED light
- Standard 100mm (4"") installation hole size
- Plug-and-play installation
- Supplied pre-wired with power cable
- Easy mounting with locking ring
- US and UK certified models available
- 24-month manufacturer's warranty

The V16 combines premium aesthetics, convenient power access, and advanced charging technology, making it the ideal pop-up power outlet for contemporary residential and commercial spaces."
8119309598829,V15: Quad-Sided Black Pop Up Outlet with USB and Qi,v15-quad-sided-black-pop-up-outlet-with-usb-and-qi,https://modernpower.solutions/products/v15-quad-sided-black-pop-up-outlet-with-usb-and-qi,Modern Power Solutions,Pop Up Outlet,"15 Amps, 3.15"" Hole, Gas-Strut Lift, Overload Protector, Primary, US Sockets, USB-A, USB-C, Wireless Charging",149.95,149.95,1,https://cdn.shopify.com/s/files/1/0564/0208/3949/files/modern-power-web-V15PWUB-US-primary-image-whitebg.webp?v=1781053756,10,"The V15 Range of Pop Up Outlets is a premium gas-strut operated solution designed for the U.S. market. With a simple press on the top, the outlet smoothly rises for use; push it down again, and it retracts seamlessly back into the countertop. The gas-strut mechanism operates similarly to the height adjustment of an office chair, providing smooth and effortless movement.

Installation is straightforward - the V15 fits into a 3.15” (80mm) diameter hole. A built-in flange allows for slight variations in hole size, ensuring a secure and flush fit.

The V15 range features a seamless, blank top - unlike many competing models that display text or engravings on the lid. Modern Power Solutions has focused on creating a clean, refined aesthetic with design improvements that elevate it above comparable products on the market.

Built for 15-amp power capacity, the V15 includes an integrated overload protector, indicated by a red switch on the underside of the unit. This safety feature automatically activates to prevent overheating, fire hazards, or other electrical risks.

The V15 is available in two other configurations

- V15PW-US: Four 110V U.S. sockets. (Link to Product)

- V15PWUW-US in White Color: Four 110V U.S. sockets plus four USB ports (2x USB-A, 2x USB-C) and a Qi wireless charging top. (Link to Product)

This new model, launched mid-2026, offers high quality at a budget-friendly price point. It’s backed by a Modern Power Solutions warranty, catering to cost-conscious customers who don’t want to compromise on performance or design.

The V15 range is UL listed for U.S. compliance

- Conforms to UL STD. 962A

- Certified to CSA STD. C22.2 NO.308

Kitchens and Wet Areas

- If you’re looking for a model better suited for kitchens and wet areas, we recommend the Hubbell or Point Pod range instead. They’re specifically built for kitchen use."
8061391700077,"V14JW: White Quad-Sided, Pop Up Power Outlet",v14wb-white-quad-sided-pop-up-power-outlet,https://modernpower.solutions/products/v14wb-white-quad-sided-pop-up-power-outlet,Modern Power Solutions,Pop Up Outlet,"120mm Hole, AU Sockets, Gas-Strut Lift, Overload Protector, Pop Up Outlet, Primary, USB-A, USB-C, Wireless Charging",162.0,162.0,1,https://cdn.shopify.com/s/files/1/0564/0208/3949/files/modern-power-web-v14jw-pop-up-outlet-primary_a04d0b33-0498-41de-8b6a-e721236fe7f8.webp?v=1776509896,10,"Introducing the V14JW, a versatile White Quad-Sided Pop-Up Outlet that raises itself out of a table-top while also offering wireless charging functionality. It features a wide range of ports: three power outlets, one USB-A, one USB-C and a Qi wireless charging top. The wireless charging top charges all compatible devices, whether the unit is raised or lowered.

With outlets on each of its four sides, the V14JW provides intuitive and accessible connectivity. When not in use, it seamlessly retracts into any benchtop, keeping your space tidy.

The V14JW Quad-Sided Pop-Up Outlet uses a gas-strut mechanism, similar to those found in car boots and adjustable office chairs. It sits flush when closed, and with a press, it rises automatically.

Though the V14JW has the largest diameter of any unit from Modern Power Solutions, measuring 120mm, it extends only about 72mm when fully raised.

Installation is straightforward with a plug-and-play power cable.

Outlets

- Three power outlets, with an additional fourth located on the underside.

- One USB-C charging port

- One USB-A charging port

- Qi wireless charging surface"
8060124495981,"V14JB: Quad-Sided, Pop Up Power Outlet",v14jb-quad-sided-pop-up-power-outlet,https://modernpower.solutions/products/v14jb-quad-sided-pop-up-power-outlet,Modern Power Solutions,Pop Up Outlet,"120mm Hole, AU Sockets, Gas-Strut Lift, Overload Protector, Pop Up Outlet, Primary, USB-A, USB-C, Wireless Charging",162.0,162.0,1,https://cdn.shopify.com/s/files/1/0564/0208/3949/files/modern-power-web-v14jb-pop-up-outlet-primary-2.webp?v=1776408298,8,"Introducing the V14J, a versatile Quad-Sided Pop-Up Outlet that raises itself out of a table-top while also offering wireless charging functionality. It features a wide range of ports: three power outlets, one USB-A, one USB-C and a Qi wireless charging top. The wireless charging top charges all compatible devices, whether the unit is raised or lowered.

With outlets on each of its four sides, the V14 provides intuitive and accessible connectivity. When not in use, it seamlessly retracts into any benchtop, keeping your space tidy.

The V14 Quad-Sided Pop-Up Outlet uses a gas-strut mechanism, similar to those found in car boots and adjustable office chairs. It sits flush when closed, and with a press, it rises automatically.

Though the V14J has the largest diameter of any unit from Modern Power Solutions, measuring 120mm, it extends only about 72mm when fully raised.

Installation is straightforward with a plug-and-play power cable.

Outlets

- Three power outlets, with an additional fourth located on the underside.

- One USB-C charging port

- One USB-A charging port

- Qi wireless charging surface"
7699418546285,V3LW: White Motorised Pop Up Power Socket,v3lw-white-motorised-pop-up-power-socket,https://modernpower.solutions/products/v3lw-white-motorised-pop-up-power-socket,Modern Power Solutions,,"65mm Hole, AU Sockets, Motorised Lift, Pop Up Outlet, Primary, Spill-Sealed Lid, USB-A, USB-C, Wireless Charging",227.0,227.0,1,https://cdn.shopify.com/s/files/1/0564/0208/3949/files/modern-power-web-v3lw-main.webp?v=1753969243,11,"Introducing the V3LW Motorised Electrical Outlet — an innovative power solution that rises from your bench-top with a double tap of the top.

In designing modern homes and offices, it’s often the smallest details that make the biggest impact. Yet, when it comes to electrical fittings, many default to basic white plastic plugs, unaware of more stylish and functional alternatives.

Modern Power Solutions is transforming how we access power in kitchens, offices, and beyond.

The Motorised Electrical Outlet features a motor lift mechanism, providing effortless access to AU power sockets. USB-A and USB-C charging ports with 30W USB-C fast charging capability for laptops and other devices, along with a wireless charging top, add further practicality. Designed for convenience and elegance, this versatile outlet is perfect for homes, kitchens, and workspaces. With its built-in electric motor, the V3LW raises and lowers automatically with a simple double-press of the button on the lid.

Motorised Electrical Outlets

- Wireless Charging Top (10W)

- One USB-A Charging Port

- Two USB-C Charging Ports (30W Output)

- Two Australian Power Sockets"
7696228319341,V15: Quad-Sided Pop Up Outlet with USB and Qi,v15-white-pop-up-outlet-with-usb-and-qi,https://modernpower.solutions/products/v15-white-pop-up-outlet-with-usb-and-qi,Modern Power Solutions,Pop Up Outlet,"15 Amps, 3.15"" Hole, Gas-Strut Lift, Overload Protector, Primary, US Sockets, USB-A, USB-C, Wireless Charging",149.95,149.95,1,https://cdn.shopify.com/s/files/1/0564/0208/3949/files/modern-power-web-V15PWUW-US-primary-image-whitebg.webp?v=1753722549,8,"The V15 Range of Pop Up Outlets is a premium gas-strut operated solution designed for the U.S. market. With a simple press on the top, the outlet smoothly rises for use; push it down again, and it retracts seamlessly back into the countertop. The gas-strut mechanism operates similarly to the height adjustment of an office chair, providing smooth and effortless movement.

Installation is straightforward - the V15 fits into a 3.15” (80mm) diameter hole. A built-in flange allows for slight variations in hole size, ensuring a secure and flush fit.

The V15 range features a seamless, blank top - unlike many competing models that display text or engravings on the lid. However, the top does include a white light indicating when the unit is powered on, with the wireless charger and USB module active. Modern Power Solutions has focused on creating a clean, refined aesthetic with design improvements that elevate it above comparable products on the market.

Built for 15-amp power capacity, the V15 includes an integrated overload protector, indicated by a red switch on the underside of the unit. This safety feature automatically activates to prevent overheating, fire hazards, or other electrical risks.

The V15 is available in two configurations

- V15PW-US: Four 110V U.S. sockets. (Link to Product)

- V15PWUW-US: Four 110V U.S. sockets plus four USB ports (2x USB-A, 2x USB-C) and a Qi wireless charging top. (This Product)

This new model, launched mid-2025, offers high quality at a budget-friendly price point. It’s backed by a Modern Power Solutions warranty, catering to cost-conscious customers who don’t want to compromise on performance or design.

The V15 range is UL listed for U.S. compliance

- Conforms to UL STD. 962A

- Certified to CSA STD. C22.2 NO.308

Kitchens and Wet Areas

- If you’re looking for a model better suited for kitchens and wet areas, we recommend the Hubbell or Point Pod range instead. They’re specifically built for kitchen use."
7696220160109,V15: Quad Sided Gas-Strut Pop Up Power Outlet,v15-white-pop-up-outlet,https://modernpower.solutions/products/v15-white-pop-up-outlet,Modern Power Solutions,Pop Up Outlet,"15 Amps, 3.15"" Hole, Gas-Strut Lift, Overload Protector, Primary, US Sockets",89.95,89.95,1,https://cdn.shopify.com/s/files/1/0564/0208/3949/files/modern-power-web-V15PW-US-primary-image-whitebg.webp?v=1753721957,6,"The V15 Range of Pop Up Outlets is a premium gas-strut operated solution designed for the U.S. market. With a simple press on the top, the outlet smoothly rises for use; push it down again, and it retracts seamlessly back into the countertop. The gas-strut mechanism operates similarly to the height adjustment of an office chair, providing smooth and effortless movement.

Installation is straightforward - the V15 fits into a 3.15” (80mm) diameter hole. A built-in flange allows for slight variations in hole size, ensuring a secure and flush fit.

The V15 range features a seamless, blank top, unlike many competing models that display text or engravings on the lid. Modern Power Solutions has focused on creating a clean, refined aesthetic with design improvements that elevate it above comparable products on the market.

Built for 15-amp power capacity, the V15 includes an integrated overload protector, indicated by a red switch on the underside of the unit. This safety feature automatically activates to prevent overheating, fire hazards, or other electrical risks.

The V15 is available in two configurations

- V15PW-US: Four 110V U.S. sockets. (This Product)

-
V15PWUW-US: Four 110V U.S. sockets plus four USB ports (2x USB-A, 2x USB-C) and a Qi wireless charging top. (Link to Product)

This new model, launched mid-2025, offers high quality at a budget-friendly price point. It’s backed by a Modern Power Solutions warranty, catering to cost-conscious customers who don’t want to compromise on performance or design.

The V15 range is UL listed for U.S. compliance

- Conforms to UL STD. 962A

- Certified to CSA STD. C22.2 NO.308

Kitchens and Wet Areas

- If you’re looking for a model better suited for kitchens and wet areas, we recommend the Hubbell or Point Pod range instead. They’re specifically built for kitchen use."
7643037466733,Hubbell Tri-Power Countertop Pop Up Receptacle,hubbell-tri-power-countertop-pop-up-receptacle,https://modernpower.solutions/products/hubbell-tri-power-countertop-pop-up-receptacle,Hubbell,Pop Up Outlet,"15 Amps, 20 Amps, 4"" Hole, Primary, Spill-Sealed Lid, Spring-Lift, US Sockets, USB-A, USB-C, Wireless Charging",389.95,399.95,14,https://cdn.shopify.com/s/files/1/0564/0208/3949/files/modern-power-web-hubbell-tri-power-countertop-pop-up-receptacle.webp?v=1748489788,25,"Hubbell Countertop Receptacles are UL-listed pop-up outlets specifically designed for permanent countertop installations. Engineered for use in kitchens, bathrooms, and islands, these receptacles provide a reliable and convenient power source exactly where it’s needed most.

The Hubbell Countertop Receptacles meet UL listing standards, ensuring full compliance with NEC® 406.5(E) for countertops, 406.5(F) for work surfaces, and 406.5(H) for seating areas.

Built for durability and safety, these Pop-Up Receptacles are water-resistant, tested to withstand spills of up to half a gallon. They also feature Hubbell’s patent-pending silicone gaskets and innovative, patented cam-action tamper-resistant technology. The low-profile, space-saving design minimizes impact both on the countertop surface and within the cabinet below, making installation seamless and unobtrusive.

- 15 or 20 Amp Option for High Power Single Outlet

- USB-C and USB-A Charging Ports

- Wireless Charging Top Qi

- Spill Proof for Countertops

- UL Listed for Countertops

- Available in a range of Colors"
7640015667309,Hubbell Dual-Sided Countertop Pop Up Receptacle,hubbell-dual-sided-pop-up-electrical-outlet,https://modernpower.solutions/products/hubbell-dual-sided-pop-up-electrical-outlet,Hubbell,Pop Up Outlet,"15 Amps, 20 Amps, 3.5"" Hole, Primary, Spill-Sealed Lid, Spring-Lift, US Sockets",285.95,295.95,28,https://cdn.shopify.com/s/files/1/0564/0208/3949/files/modern-power-web-hubbell-dual-sided-countertop-pop-up-receptacle.webp?v=1748488826,33,"Hubbell Countertop Receptacles are UL-listed pop-up outlets specifically designed for permanent countertop installations. Engineered for use in kitchens, bathrooms, and islands, these receptacles provide a reliable and convenient power source exactly where it’s needed most.

The Hubbell Countertop Receptacles meet UL listing standards, ensuring full compliance with NEC® 406.5(E) for countertops, 406.5(F) for work surfaces, and 406.5(H) for seating areas.

Built for durability and safety, these Pop-Up Receptacles are water-resistant, tested to withstand spills of up to half a gallon. They also feature Hubbell’s patent-pending silicone gaskets and innovative, patented cam-action tamper-resistant technology. The low-profile, space-saving design minimizes impact both on the countertop surface and within the cabinet below, making installation seamless and unobtrusive.

- 15 or 20 Amps High Power Option

- Spill Proof

- UL Listed for Countertops

- Available in a range of Colors"
7629711573101,"4"" 102mm Hole Saw Made for Point Pod",hole-saw-4-for-point-pod,https://modernpower.solutions/products/hole-saw-4-for-point-pod,Point Pod,,"102mm Hole, 4"" Hole, Custom Insert Top, US Sockets",102.0,102.0,1,https://cdn.shopify.com/s/files/1/0564/0208/3949/files/modern-power-web-point-pod-hole-saw-drill-bit-whitebg-6.webp?v=1743406201,3,"4″ Hole Saw Drill Bit with 3.66″ Inner Dimension and 5/8-11 Thread for Point Pod Installation

Overview

Engineered for precision, this 4"" (102mm) hole saw features a 3.66″ (93mm) inner dimension and an 5/8-11 thread—perfectly suited for creating accurate cut-outs in stone benchtops when installing a Point Pod. Designed to deliver a clean, seamless fit, it allows the cut-out section to slot neatly into the top of the Point Pod, ensuring a flawless, professional finish.

Please note: This hole saw does not include an arbour adapter for standard drills. It features a 5/8-11 threaded connection, which is designed for professional coring drills or CNC machines.

Because attaching this hole saw to a regular handheld drill can easily damage your countertop - especially for inexperienced users - we strongly advise against using an arbour adapter.

If you do require an arbour adapter, you can find one here or contact us for assistance.

Technical Specifications

Outer Diameter: 102mm (4.02 inches)
Inner Dimension: 93mm (3.66 inches)
Material: High-Speed Steel (HSS) / Bi-Metal
Tooth Design: Diamond-coated for enhanced cutting performance
Cutting Depth: Up to 50mm (2 inches), depending on the material
Arbor Compatibility: Fits most standard arbors
Thread Type: 5/8-11

Package Includes

1 x 4"" 102mm Hole Saw

Ensure a perfect cut every time—order now for a smooth and precise Point Pod installation!"
7629708460141,Hole Saw 102mm for Point Pod,hole-saw-102mm-4-for-point-pod,https://modernpower.solutions/products/hole-saw-102mm-4-for-point-pod,Point Pod,,"102mm Hole, AU Sockets",75.0,75.0,1,https://cdn.shopify.com/s/files/1/0564/0208/3949/files/modern-power-web-point-pod-hole-saw-drill-bit-D102xM14-whitebg-5.webp?v=1743402516,3,"102mm Hole Saw Drill Bit with 93mm Inner Dimension & M14 Thread — For Point Pod Installation

Overview

Engineered for precision, this 102mm hole saw features a 93mm inner dimension and an M14 thread—perfectly suited for creating accurate cut-outs in stone benchtops when installing a Point Pod. Designed to deliver a clean, seamless fit, it allows the cut-out section to slot neatly into the top of the Point Pod, ensuring a flawless, professional finish.

Please note: This hole saw does not include an arbor adapter for standard drills. It features a 5/8-11 threaded connection, which is designed for professional coring drills or CNC machines.

Because attaching this hole saw to a regular handheld drill can easily damage your countertop - especially for inexperienced users - we strongly advise against using an arbor adapter.

If you do require an arbor adapter, you can find one here or contact us for assistance.

Technical Specifications

Outer Diameter: 102mm (4.02 inches)
Inner Dimension: 93mm (3.66 inches)
Material: High-Speed Steel (HSS) / Bi-Metal
Tooth Design: Diamond-coated for enhanced cutting performance
Cutting Depth: Up to 50mm (1.97 inches), depending on the material
Arbor Compatibility: Fits most standard arbors
Thread Type: M14

Package Includes

1 x 102mm Hole Saw

Ensure a perfect cut every time—order now for a smooth and precise Point Pod installation!"
7207887405165,"V14B-HNR: Black Quad-Sided, Pop Up Power Outlet w/HDMI",v14b-hnr-black-quad-sided-pop-up-power-outlet-w-hdmi,https://modernpower.solutions/products/v14b-hnr-black-quad-sided-pop-up-power-outlet-w-hdmi,Modern Power Solutions,,HDMI,146.0,146.0,1,https://cdn.shopify.com/s/files/1/0564/0208/3949/files/onWhite_all_0028-jpg-e1687138782847_a6cd42c3-2636-41f2-96a2-3b46f410da39.webp?v=1709172974,4,"The V14B-HNR is the HDMI Pop Up Outlet variation of the standard V14B-AU

This model retains all the core features of the V14B-AU but replaces one of the RJ45 data ports with an HDMI port, providing enhanced connectivity options.

The HDMI Pop-Up Outlet is an ideal solution for offices, boardroom tables, or any space requiring a video passthrough port. Simply connect your device to a projector or video display from the underside of the unit. This setup allows users to conveniently plug in their laptops directly from the desk, ensuring seamless connectivity and a clutter-free workspace.

Features

- Wireless Charging Top

- HDMI Passthrough Port

- USB-C Fast Charging Port

- USB-A Charging Port

- RJ45 Passthrough Port"
7195109720173,"Point Pod Boardroom w/USB, RJ45, HDMI",point-pod-boardroom-w-usb-rj45-hdmi,https://modernpower.solutions/products/point-pod-boardroom-w-usb-rj45-hdmi,Point Pod,,"102mm Hole, AU Sockets, Custom Insert Top, HDMI, Motorised Lift, Primary, RJ45, USB-A, USB-C",386.0,386.0,1,https://cdn.shopify.com/s/files/1/0564/0208/3949/files/onWhite_all_pointpod_0033-1.png?v=1707456397,6,"The Point Pod Boardroom integrates a versatile power outlet system into office and boardroom tables, providing a variety of ports with seamless tabletop integration.

This innovative system includes two USB ports (one USB-A and one USB-C), two Australian power outlets, an RJ45 data outlet, and an HDMI outlet. Its sleek design allows you to customize its appearance by inserting a cut-out of your countertop material into the top of the unit. With the push of a button, an electric motor smoothly raises the Point Pod for quick and convenient access.

Wide Range of Ports

-
USB-A

- USB-C

- HDMI

- RJ45

- 2x Power Outlets

The Point Pod Boardroom simplifies connectivity in offices, conference rooms, meeting spaces, and shared work environments. Its comprehensive port selection supports power, video, and data needs. Video and data ports operate as passthrough connections, with alternate ports located on the underside of the unit. The power outlets, however, connect directly via a single 240V cable and plug, delivering reliable power to your devices."
7195109425261,Point Pod Compact Black,point-pod-compact-black,https://modernpower.solutions/products/point-pod-compact-black,Point Pod,,"102mm Hole, AU Sockets, Custom Insert Top, Motorised Lift, Primary",289.0,289.0,1,https://cdn.shopify.com/s/files/1/0564/0208/3949/files/onWhite_all_pointpod_0003-1.png?v=1707456258,6,"The Point Pod Compact Black adds style and functionality to kitchen countertops. It blends seamlessly into your kitchen by incorporating a cut-out of your countertop material on its top. This unit features two Australian power outlets, perfect for kitchen appliances. Press a button to raise the unit with its smooth electric motor.

Compact Design

- Two Power Outlets

The Point Pod stands 11 cm shorter than the standard Point Pod Multi when raised (17 cm vs. 28 cm). Its compact size makes it ideal for smaller spaces or users who only need basic outlets.

For those needing USB ports, the Point Pod Compact Black with USB offers one power outlet and two USB ports, providing a compact alternative with added connectivity."
7195109392493,Point Pod Compact Silver,point-pod-compact-silver,https://modernpower.solutions/products/point-pod-compact-silver,Point Pod,,"102mm Hole, AU Sockets, Custom Insert Top, Motorised Lift, Primary",259.0,259.0,1,https://cdn.shopify.com/s/files/1/0564/0208/3949/files/onWhite_all_pointpod_0008-1.png?v=1707456042,6,"The Point Pod Compact Silver adds style and functionality to kitchen countertops. It blends seamlessly into your kitchen by incorporating a cut-out of your countertop material on its top. This unit features two Australian power outlets, perfect for kitchen appliances. Press a button to raise the unit with its smooth electric motor.

Compact Design

- Two Power Outlets

The Point Pod Compact Silver stands 11 cm shorter than the standard Point Pod Multi when raised (17 cm vs. 28 cm). Its compact size makes it ideal for smaller spaces or users who only need basic outlets.

For those needing USB ports, the Point Pod Compact with USB offers one power outlet and two USB ports, providing a compact alternative with added connectivity."
7195109228653,Point Pod Compact Black w/USB,point-pod-compact-black-w-usb,https://modernpower.solutions/products/point-pod-compact-black-w-usb,Point Pod,,"102mm Hole, AU Sockets, Custom Insert Top, Motorised Lift, Primary, USB-A, USB-C",324.0,324.0,1,https://cdn.shopify.com/s/files/1/0564/0208/3949/files/onWhite_all_pointpod_0018-1.png?v=1707455923,6,"The Point Pod Compact Black with USB adds style and functionality to kitchen countertops. It blends seamlessly into your kitchen by incorporating a cut-out of your countertop material on its top. This unit features one Australian power outlet and two USB charging outlets, perfect for kitchen appliances. Press a button to raise the unit with its smooth electric motor.

Compact Design

- One Power Outlet

- One USB-C Charging Outlet

- One USB-A Charging Outlet

The Point Pod stands 11 cm shorter than the standard Point Pod Multi when raised (17 cm vs. 28 cm). Its compact size makes it ideal for smaller spaces or users who only need basic outlets.

For those not needing USB ports, the Point Pod Compact Black offers two power outlets, providing a compact alternative with added 240v connectivity."
7195108966509,Point Pod Compact Silver w/USB,point-pod-compact-silver-w-usb,https://modernpower.solutions/products/point-pod-compact-silver-w-usb,Point Pod,,"102mm Hole, AU Sockets, Custom Insert Top, Motorised Lift, Primary, USB-A, USB-C",308.0,308.0,1,https://cdn.shopify.com/s/files/1/0564/0208/3949/files/onWhite_all_pointpod_0013-1.png?v=1707455289,6,"The Point Pod Compact Silver with USB adds style and functionality to kitchen countertops. It blends seamlessly into your kitchen by incorporating a cut-out of your countertop material on its top. This unit features one Australian power outlet and two USB charging outlets, perfect for kitchen appliances. Press a button to raise the unit with its smooth electric motor.

Compact Design

- One Power Outlet

- One USB-C Charging Outlet

- One USB-A Charging Outlet

The Point Pod Compact Silver USB stands 11 cm shorter than the standard Point Pod Multi when raised (17 cm vs. 28 cm). Its compact size makes it ideal for smaller spaces or users who only need basic outlets.

For those not needing USB ports, the Point Pod Compact offers two power outlets, providing a compact alternative with added 240v connectivity."
7195108933741,Point Pod Multi Black w/USB,point-pod-multi-black-w-usb,https://modernpower.solutions/products/point-pod-multi-black-w-usb,Point Pod,,"102mm Hole, AU Sockets, Custom Insert Top, Motorised Lift, Primary, USB-A, USB-C",340.0,340.0,1,https://cdn.shopify.com/s/files/1/0564/0208/3949/files/onWhite_all_pointpod_0023-1.png?v=1707455160,6,"The Point Pod Multi Black with USB adds style and functionality to kitchen countertops. It blends seamlessly into your kitchen by incorporating a cut-out of your countertop material on its top. This unit features three Australian power outlets and two USB charging outlets, perfect for a wide range of kitchen appliances. Press a button to raise the unit with its smooth electric motor.

Outlets & Ports

- Three Power Outlets

- One USB-C Charging Port

- One USB-A Charging Port

The Point Pod Multi stands 11 cm taller than the compact Point Pod when raised (28 cm vs. 17 cm). Its taller size allows for an additional two electrical outlets for powering more kitchen appliances.

For those not needing three power outlets, the smaller Point Pod Compact offers one power outlet and two USB charging outlets."
7195108835437,Point Pod Multi Silver w/USB,point-pod-multi-silver-w-usb,https://modernpower.solutions/products/point-pod-multi-silver-w-usb,Point Pod,,"102mm Hole, AU Sockets, Custom Insert Top, Motorised Lift, Primary, USB-A, USB-C",324.0,324.0,1,https://cdn.shopify.com/s/files/1/0564/0208/3949/files/onWhite_all_pointpod_0028-1.png?v=1707455001,6,"The Point Pod Multi Silver with USB adds style and functionality to kitchen countertops. It blends seamlessly into your kitchen by incorporating a cut-out of your countertop material on its top. This unit features three Australian power outlets and two USB charging outlets, perfect for a wide range of kitchen appliances. Press a button to raise the unit with its smooth electric motor.

Outlets & Ports

- Three Power Outlets

- One USB-C Charging Port

- One USB-A Charging Port

The Point Pod Multi stands 11 cm taller than the compact Point Pod when raised (28 cm vs. 17 cm). Its taller size allows for an additional two electrical outlets for powering more kitchen appliances.

For those not needing three power outlets, the smaller Point Pod Compact offers one power outlet and two USB charging outlets."
7195102838893,"V8GSBO: Compact, Glossy Silver Top, Black, Pop Up Outlet",v8gsbo-compact-glossy-silver-black-pop-up-power-point,https://modernpower.solutions/products/v8gsbo-compact-glossy-silver-black-pop-up-power-point,Modern Power Solutions,,"60mm Hole, AU Sockets, Manual Lift, Primary",33.0,33.0,1,https://cdn.shopify.com/s/files/1/0564/0208/3949/files/onWhite_all_0023.webp?v=1707802070,3,"The V8GSBO is a compact pop-up power point from Modern Power Solutions. It features two power outlets in a small 60mm diameter, making it an ideal entry-level unit.

Its simple functionality and compact design make it a practical and efficient choice.

Features of the V8GSBO Compact Pop Up Power Point

- Two Australian Power Outlets

- Glossy Silver Top

- Plug & Play

- Compact Skinny Design

When designing our homes and offices, we are faced with decisions about the smallest of details as indeed it is the trifling aspects of modern spaces that set them apart. When it comes to deciding on electrical fittings however, most people don’t look any further than the white plastic plug assuming that’s their only option.

That’s why Modern Power Solutions revolutionising the way we access power in our kitchens, offices and other spaces."
7195102806125,"V7GSW: Glossy Silver Top, White, Pop Up Power Outlet",v7gsw-glossy-silver-top-white-pop-up-power-outlet,https://modernpower.solutions/products/v7gsw-glossy-silver-top-white-pop-up-power-outlet,Modern Power Solutions,,"80mm Hole, AU Sockets, Manual Lift, Primary, USB-A, USB-C",62.0,62.0,1,https://cdn.shopify.com/s/files/1/0564/0208/3949/files/onWhite_all_0001-jpg-e1695101609777.webp?v=1707449541,5,"The V7GSW Pop-Up Power Point is a sleek, glossy silver retractable unit designed for kitchens and offices.

It features a stylish silver plastic top, white power outlets, two USB ports, and two Australian power sockets, offering both functionality and elegance.

For a stainless steel option, explore the V7BSSB variation, which provides a durable alternative to the glossy silver finish.

Pop-Up Power Point Features

- Glossy silver top

- White outlets

- One USB-C fast charging port

- One USB-A charging port

- Two Australia power points

When designing our homes and offices, we are faced with decisions about the smallest of details as indeed it is the trifling aspects of modern spaces that set them apart. When it comes to deciding on electrical fittings however, most people don’t look any further than the white plastic plug assuming that’s their only option.

That’s why Modern Power Solutions revolutionising the way we access power in our kitchens, offices and other spaces."
7195102740589,"V7BSSB: Black Stainless Steel, Black, Pop Up Power Outlet",v7bssb-black-stainless-steel-black-pop-up-power-outlet,https://modernpower.solutions/products/v7bssb-black-stainless-steel-black-pop-up-power-outlet,Modern Power Solutions,,"80mm Hole, AU Sockets, Manual Lift, Primary, Stainless Steel Top, USB-A, USB-C",81.0,81.0,1,https://cdn.shopify.com/s/files/1/0564/0208/3949/files/onWhite_all_0003-e1668476162439_a89793cd-32d3-4688-a15f-228105e8c0d5.jpg?v=1707449287,5,"The V7BSSB is a sleek stainless steel pop-up power point, perfect for kitchens. Its manual sliding mechanism allows easy operation—simply press the top to release it, revealing a handle that you can pull up to access the unit fully.

The stainless steel top offers a polished finish that complements stone countertops and pairs beautifully with dark-coloured stainless steel appliances.

Equipped with two USB ports and two power outlets, the V7BSSB makes charging and powering devices effortless.

As a more straightforward option, the V7BSSB provides a minimalist alternative to advanced models, such as the motorized lifting units available at Modern Power Solutions.

Features of the Stainless Steel Pop Up Power Point

- USB-C Fast Charging Port

- USB-A Charging Port

- Two Australian Power Outlets

- Stainless Steel Top"
7195102478445,"V5WUB: Waterproof, Black, Pop Up Power Outlet",v5wub-waterproof-black-pop-up-power-outlet,https://modernpower.solutions/products/v5wub-waterproof-black-pop-up-power-outlet,Modern Power Solutions,,"80mm Hole, AU Sockets, Manual Lift, Primary, Spill-Sealed Lid, USB-A, USB-C",72.0,72.0,1,https://cdn.shopify.com/s/files/1/0564/0208/3949/files/onWhite_all_0038-e1668476136798.jpg?v=1707448852,5,"The V5WUB Waterproof Pop-Up Power Point is a retractable power outlet with a rubber seal around its top that prevents spills when closed.

However, the V5WUB is not suitable for outdoor use and it isn’t water-sealed when raised.

This unit includes two USB charging ports and two power outlets, offering convenient access to power. A semi-circular handle flips up, allowing users to easily pull the outlet into its upright, locked position. To retract, simply push the unit back down for a sleek and tidy appearance.

Features of the V5WUB Waterproof Pop Up Power Point

- Water seal on the lid

- USB-C fast charging port

- USB-A charging port

- Two Australian power outlets"
7195052310637,V3L: Motorised Pop Up Power Socket,v3l-motorised-pop-up-power-socket-1,https://modernpower.solutions/products/v3l-motorised-pop-up-power-socket-1,Modern Power Solutions,,"65mm Hole, AU Sockets, Motorised Lift, Primary, Spill-Sealed Lid, USB-A, USB-C, Wireless Charging",227.0,227.0,1,https://cdn.shopify.com/s/files/1/0564/0208/3949/files/V3L_UK_Model_Transparent-1.jpg?v=1707434339,11,"Introducing the V3L Motorised Electrical Outlet—an innovative power solution that rises from your bench-top at the press of a button.

In designing modern homes and offices, it’s often the smallest details that make the biggest impact. Yet, when it comes to electrical fittings, many default to basic white plastic plugs, unaware of more stylish and functional alternatives.

Modern Power Solutions is transforming how we access power in kitchens, offices, and beyond.

The Motorised Electrical Outlet features a motor lift mechanism, providing effortless access to AU power sockets. USB-A and USB-C charging ports, and a wireless charging top add further practicality. Designed for convenience and elegance, this versatile outlet is perfect for homes, kitchens, and workspaces. With its built-in electric motor, the V3L raises and lowers automatically with a simple double-press of the button on the lid.

Motorised Electrical Outlets

- Wireless Charging Top

- One USB-A Charging Port

- Two USB-C Charging Ports

- Two Australian Power Sockets"
7194891780205,V3CW: Motorised Pop Up Outlet w/USB,v3cw-motorised-pop-up-power-point-w-usb,https://modernpower.solutions/products/v3cw-motorised-pop-up-power-point-w-usb,Modern Power Solutions,,"95mm Hole, AU Sockets, Motorised Lift, Primary, Spill-Sealed Lid, USB-A, USB-C, Wireless Charging",259.0,259.0,1,https://cdn.shopify.com/s/files/1/0564/0208/3949/files/onWhite_all_0033-1.jpg?v=1707375270,9,"The V3CW Motorised Pop Up Power Outlet brings together sleek design and cutting-edge functionality, making it perfect for kitchen countertops. Featuring a glass top, USB ports (including USB-C), a spill-sealed lid, and a wireless charging surface, it delivers everything you need in one unit. With over a decade of expertise, Modern Power Solutions continues to lead the market in pop-up outlets.

When you press the button, the V3CW rises smoothly from your countertop, offering a modern and intuitive experience. Its motorised mechanism is not only functional but also adds a stylish, high-tech touch to your kitchen.

Installing the V3CW is quick and hassle-free. The 1.8m cable with an Australian plug allows for plug-and-play setup. Additionally, the underside locking ring secures the unit firmly to the benchtop.

Moreover, the V3CW is designed to handle everyday challenges. When closed, it seals tightly, protecting against spills, dirt, and grime. This ensures the outlet remains clean and functional for years to come.

Safety is also a key feature. To prevent accidental activation, the V3CW includes a built-in child lock. To operate it, hold the button for three seconds to wake the unit, then press it again to open.

The wireless charging lid adds extra convenience. Simply place your phone on the top, and the Qi-certified charger quickly powers your device. As it is Apple-certified, it delivers fast and reliable charging for iPhones, AirPods, and other Apple devices. A green animation confirms compatibility, unlike non-certified chargers, which only show a green battery icon and charge more slowly.

Features of the Pop Up Power Outlet

- ✅  Simple touch motorised lifting & lowering

- ✅  Spill-sealed lid for kitchens IP54 rated

- ✅  Wireless charging top for mobile phone

- ✅  USB-C 15W & USB-A 15W fast charger and Apple certified

- ✅  24 months warranty, 30 day returns and free shipping

With its seamless integration of style, functionality, and safety, the V3CW Motorised Pop Up Power Outlet sets a new standard for modern kitchens."
7194891452525,V3CS: Motorised Pop Up Power Point w/USB,v3cs-motorised-pop-up-power-point-w-usb,https://modernpower.solutions/products/v3cs-motorised-pop-up-power-point-w-usb,Modern Power Solutions,,"95mm Hole, AU Sockets, Motorised Lift, Primary, Spill-Sealed Lid, USB-A, USB-C, Wireless Charging",259.0,259.0,1,https://cdn.shopify.com/s/files/1/0564/0208/3949/files/onWhite_all_0028-1.jpg?v=1707374798,9,"The V3CS Motorised Kitchen Pop-Up Outlet brings together sleek design and cutting-edge functionality, making it perfect for kitchen countertops. Featuring a glass top, USB ports (including USB-C), a spill-sealed lid, and a wireless charging surface, it delivers everything you need in one unit. With over a decade of expertise, Modern Power Solutions continues to lead the market in pop-up outlets.

When you press the button, the V3CS rises smoothly from your countertop, offering a modern and intuitive experience. Its motorised mechanism is not only functional but also adds a stylish, high-tech touch to your kitchen.

Installing the V3CS is quick and hassle-free. The 1.8m cable with an Australian plug allows for plug-and-play setup. Additionally, the underside locking ring secures the unit firmly to the benchtop. Simply tighten the ring to ensure stability, even when the outlet is fully extended.

Moreover, the V3CS is designed to handle everyday challenges. When closed, it seals tightly, protecting against spills, dirt, and grime. This ensures the outlet remains clean and functional for years to come.

Safety is also a key feature. To prevent accidental activation, the V3CS includes a built-in child lock. To operate it, hold the button for three seconds to wake the unit, then press it again to open.

The wireless charging lid adds extra convenience. Simply place your phone on the top, and the Qi-certified charger quickly powers your device. As it is Apple-certified, it delivers fast and reliable charging for iPhones, AirPods, and other Apple devices. A green animation confirms compatibility, unlike non-certified chargers, which only show a green battery icon and charge more slowly.

With its seamless integration of style, functionality, and safety, the V3CS Motorised Kitchen Pop-Up Outlet sets a new standard for modern kitchens.

Features of the Motorised Pop Up Outlet

- ✅  Simple touch motorised lifting & lowering

- ✅  Spill-sealed lid for kitchens IP54 rated

- ✅  Wireless charging top for mobile phone

- ✅  USB-C 15W & USB-A 15W fast charger and Apple certified

- ✅  24 months warranty, 30 day returns and free shipping"
7183300821101,V7BSSB-EU: Stainless Steel Top Pop Up Power Socket,v7bssb-eu-stainless-steel-top-pop-up-power-socket,https://modernpower.solutions/products/v7bssb-eu-stainless-steel-top-pop-up-power-socket,Modern Power Solutions,,"80mm Hole, EU Sockets, Manual Lift, Primary, Stainless Steel, USB-A, USB-C",156.0,156.0,1,https://cdn.shopify.com/s/files/1/0564/0208/3949/files/modernpower-web-v7bssb-eu-whitebackground-primary.webp?v=1741591706,3,"The V7BSSB is a sleek stainless steel european pop-up power point, perfect for kitchens. Its manual sliding mechanism allows easy operation—simply press the top to release it, revealing a handle that you can pull up to access the unit fully.

The stainless steel top offers a polished finish that complements stone countertops and pairs beautifully with dark-coloured stainless steel appliances.

Equipped with two USB ports and two power outlets, the V7BSSB makes charging and powering devices effortless.

As a more straightforward option, the V7BSSB provides a minimalist alternative to advanced models, such as the motorized lifting units available at Modern Power Solutions.

Features of the European Pop Up Power Point

- USB-C Fast Charging Port

- USB-A Charging Port

- Two EU Power Outlets

- Stainless Steel Top"
7180970721389,V3C: Motorised Pop Up Power Outlet w/USB,v3c-motorised-pop-up-power-point-w-usbhome,https://modernpower.solutions/products/v3c-motorised-pop-up-power-point-w-usbhome,Modern Power Solutions,,"95mm Hole, AU Sockets, Motorised Lift, Primary, Spill-Sealed Lid, USB-A, USB-C, Wireless Charging",259.0,259.0,1,https://cdn.shopify.com/s/files/1/0564/0208/3949/files/onWhite_all_0023-2.jpg?v=1704946175,9,"The V3C Motorised Pop-Up Outlet brings together sleek design and cutting-edge functionality, making it perfect for kitchen countertops. Featuring a glass top, USB ports (including USB-C), a spill-sealed lid, and a wireless charging surface, it delivers everything you need in one unit. With over a decade of expertise, Modern Power Solutions continues to lead the market in pop-up outlets.

When you press the button, the V3C rises smoothly from your countertop, offering a modern and intuitive experience. Its motorised mechanism is not only functional but also adds a stylish, high-tech touch to your kitchen.

Installing the V3C is quick and hassle-free. The 1.8m cable with an Australian plug allows for plug-and-play setup. Additionally, the underside locking ring secures the unit firmly to the benchtop. Simply tighten the ring to ensure stability, even when the outlet is fully extended.

Moreover, the V3C is designed to handle everyday challenges. When closed, it seals tightly, protecting against spills, dirt, and grime. This ensures the outlet remains clean and functional for years to come.

Safety is also a key feature. To prevent accidental activation, the V3C includes a built-in child lock. To operate it, hold the button for three seconds to wake the unit, then press it again to open.

The wireless charging lid adds extra convenience. Simply place your phone on the top, and the Qi-certified charger quickly powers your device. As it is Apple-certified, it delivers fast and reliable charging for iPhones, AirPods, and other Apple devices. A green animation confirms compatibility, unlike non-certified chargers, which only show a green battery icon and charge more slowly.

With its seamless integration of style, functionality, and safety, the V3C Motorised Pop-Up Outlet sets a new standard for modern kitchens.

- One USB-C 15W Charging Outlet

- One USB-A 15W Charging Outlet

- Two Australia Power Outlets"
7180958597229,V2GSB: Glossy Silver Pop Up Power Outlet,v2gsb-glossy-silver-top-black-face-pop-up-power-outlet,https://modernpower.solutions/products/v2gsb-glossy-silver-top-black-face-pop-up-power-outlet,Modern Power Solutions,,"100mm Hole, AU Sockets, Manual Lift, Primary, USB-A, USB-C",91.0,91.0,1,https://cdn.shopify.com/s/files/1/0564/0208/3949/files/onWhite_all_0005-jpg-e1695101433320.webp?v=1704943428,3,"The V2GSB Glossy Silver Pop-Up Power Outlet combines style and functionality. Featuring two electrical outlets, one USB-A port, and one USB-C charging port.

In modern home and office design, even the smallest details make a difference. Yet, many people settle for standard white plastic plugs, unaware of better options. Modern Power Solutions transforms how we access power, offering sleek and innovative alternatives for kitchens, offices, and more.

The Glossy Silver Pop-Up Power Outlet sits flush with the countertop for a seamless look. A light press on the lid raises it slightly—about 2cm—allowing you to lift the unit fully using the lid as a handle.

Installation is quick and secure. The unit fits into a countertop hole, and a locking ring screws tightly from underneath to hold it firmly in place.

For added convenience, you can leave smaller cables plugged in while retracting the unit. This allows devices to stay powered while maintaining a clean, tidy finish, with only the cables visible at the edges of the lid. The Glossy Silver Pop-Up Power Outlet offers a sleek and practical power solution for any kitchen countertop.

Outlets

- Two Electrical Outlets

- One USB-A Charging Outlet

- One USB-C Charging Outlet"
7180951945325,V1SC: Pop Up Power Outlet Silver,v1sc-pop-up-power-outlet-silver,https://modernpower.solutions/products/v1sc-pop-up-power-outlet-silver,Modern Power Solutions,,"90mm Hole, AU Sockets, Manual Lift, Primary, USB-A, USB-C",52.0,52.0,1,https://cdn.shopify.com/s/files/1/0564/0208/3949/files/onWhite_all_0013-jpg-e1695101360395.webp?v=1704942011,4,"The V1SC Pop-Up Power Point is a compact, retractable unit with two electrical outlets, one USB-A charging port, and two USB-C charging ports. This port configuration was updated in 2025 and now supports up to 30W power output via USB-C, making it suitable for charging laptops and fast-charging compatible mobile phones. Please note that the product image has not yet been updated to reflect the new USB module. It still displays 2x USB-A and 1x USB-C, whereas the updated version features 1x USB-A and 2x USB-C.

Introduced in 2013 as Modern Power Solutions’ first model, the V1 range has undergone refinements while remaining one of the company’s top-selling designs. Its affordable price, durable construction, and simple retraction mechanism make it a customer favourite. The V1SC stands out for its reliability, with almost no issues, complaints, or returns reported over its 10+ year life.

Opening the Silver Pop-Up Outlet is easy—just grip the center handle through the opening and pull to raise. This manually operated unit slides smoothly on its aluminum body and locks securely in both the up and down positions. Its versatile design allows for installation in any direction, including sideways or upside-down from a top cabinet.

The V1SC comes with a 1.8m cable and plug, making installation straightforward and plug-and-play. The USB transformer is fully integrated, ensuring a clean and efficient setup.

Outlets

- 2x Power Outlets

- 1x USB-A Charging Outlets

- 2x USB-C Charging Outlets"
7180914360429,V1BC: Pop Up Power Outlet Black,v1bc-pop-up-power-outlet-black,https://modernpower.solutions/products/v1bc-pop-up-power-outlet-black,Modern Power Solutions,,"90mm Hole, AU Sockets, Manual Lift, Primary, USB-A, USB-C",52.0,52.0,1,https://cdn.shopify.com/s/files/1/0564/0208/3949/files/onWhite_all_0017-jpg-e1695101260666-600x600.webp?v=1704934511,6,"The V1BC Pop-Up Power Point is a compact, retractable unit with two electrical outlets, one USB-A charging port, and two USB-C charging ports. This port configuration was updated in 2025 and now supports up to 30W power output via USB-C, making it suitable for charging laptops and fast-charging compatible mobile phones. Please note that the product image has not yet been updated to reflect the new USB module. It still displays 2x USB-A and 1x USB-C, whereas the updated version features 1x USB-A and 2x USB-C.

Introduced in 2013 as Modern Power Solutions’ first model, the V1 range has undergone refinements while remaining one of the company’s top-selling designs. Its affordable price, durable construction, and simple retraction mechanism make it a customer favourite. The V1BC stands out for its reliability, with almost no issues, complaints, or returns reported over its 10+ year life.

Opening the Pop-Up Power Outlet is easy—just grip the center handle through the opening and pull to raise. This manually operated unit slides smoothly on its aluminum body and locks securely in both the up and down positions. Its versatile design allows for installation in any direction, including sideways or upside-down from a top cabinet.

The V1BC comes with a 1.8m cable and plug, making installation straightforward and plug-and-play. The USB transformer is fully integrated, ensuring a clean and efficient setup.

Outlets

- 2x Power Outlets

- 1x USB-A Charging Outlet

- 2x USB-C Charging Outlets"
7169068400749,V14B: Quad-Sided Pop Up Power Socket Black,v14b-quad-sided-pop-up-power-socket-black,https://modernpower.solutions/products/v14b-quad-sided-pop-up-power-socket-black,Modern Power Solutions,,"120mm Hole, Gas-Strut Lift, Primary, RJ45, UK Sockets, USB-A, USB-C, Wireless Charging",195.0,195.0,1,https://cdn.shopify.com/s/files/1/0564/0208/3949/files/onWhite_all_0038.webp?v=1706068698,7,"Introducing the V14, a versatile Quad-Sided Pop-Up Socket that raises itself out of a table-top while also offering wireless charging functionality. It features a wide range of ports: four power outlets, one USB-A port, one USB-C charging port, two RJ45 data ports, and a Qi wireless charging top. The wireless charging top charges all compatible devices, whether the unit is raised or lowered.

With an outlet on each of its four sides, the V14 provides intuitive and accessible connectivity. When not in use, it seamlessly retracts into any benchtop, keeping your space tidy.

The V14 Quad-Sided Pop-Up Socket uses a gas-strut mechanism, similar to those found in car boots and adjustable office chairs. It sits flush when closed, and with a press, it rises automatically.

Though the V14 has the largest diameter within our range, measuring 120mm, it extends only about 90mm when fully raised.

Installation is straightforward with plug-and-play cables.

Outlets

- Four UK Power Outlets

- One USB-C Charging Outlet

- One USB-A Charging Outlet

- Two RJ45 Data Ports"
7169068236909,V3CW: White Motorised Pop Up Socket,v3cw-white-motorised-pop-up-socket,https://modernpower.solutions/products/v3cw-white-motorised-pop-up-socket,Modern Power Solutions,,"95mm Hole, Motorized Lift, Primary, Spill-Sealed Lid, UK Sockets, USB-A, USB-C, Wireless Charging",324.0,324.0,1,https://cdn.shopify.com/s/files/1/0564/0208/3949/files/onWhite_V3C_UK_0010.webp?v=1706068281,6,"The V3CW Motorised Pop Up Socket brings together sleek design and cutting-edge functionality, making it perfect for kitchen countertops. Featuring a glass top, USB ports (including USB-C), a spill-sealed lid, and a wireless charging surface, it delivers everything you need in one unit. With over a decade of expertise, Modern Power Solutions continues to lead the market in pop-up outlets.

When you press the button, the V3CW rises smoothly from your countertop, offering a modern and intuitive experience. Its motorised mechanism is not only functional but also adds a stylish, high-tech touch to your kitchen.

Installing the V3CW is quick and hassle-free. The 1.8m cable with a UK plug allows for plug-and-play setup. Additionally, the underside locking ring secures the unit firmly to the benchtop.

Moreover, the V3CW Pop Up Socket is designed to handle everyday challenges. When closed, it seals tightly, protecting against spills, dirt, and grime. This ensures the outlet remains clean and functional for years to come.

Safety is also a key feature. To prevent accidental activation, the V3CW includes a built-in child lock. To operate it, hold the button for three seconds to wake the unit, then press it again to open.

The wireless charging lid adds extra convenience. Simply place your phone on the top, and the Qi-certified charger quickly powers your device. As it is Apple-certified, it delivers fast and reliable charging for iPhones, AirPods, and other Apple devices. A green animation confirms compatibility, unlike non-certified chargers, which only show a green battery icon and charge more slowly.

Features of the Pop Up Socket

- ✅  Simple touch motorised lifting & lowering

- ✅  Spill-sealed lid for kitchens IP54 rated

- ✅  Wireless charging top for mobile phone

- ✅  USB-C 15W & USB-A 15W fast charger and Apple certified

- ✅  24 months warranty, 30 day returns and free shipping

With its seamless integration of style, functionality, and safety, the V3CW Motorised Pop Up Socket sets a new standard for modern kitchens."
7169068073069,V3CS: Silver Motorised Pop Up Socket,v3cs-silver-motorised-pop-up-socket,https://modernpower.solutions/products/v3cs-silver-motorised-pop-up-socket,Modern Power Solutions,,"95mm Hole, Motorized Lift, Primary, Spill-Sealed Lid, UK Sockets, USB-A, USB-C, Wireless Charging",324.0,324.0,1,https://cdn.shopify.com/s/files/1/0564/0208/3949/files/onWhite_V3C_UK_0006.webp?v=1706068308,6,"The V3CS Motorised Pop-Up Socket brings together sleek design and cutting-edge functionality, making it perfect for kitchen countertops. Featuring a glass top, USB ports (including USB-C), a spill-sealed lid, and a wireless charging surface, it delivers everything you need in one unit. With over a decade of expertise, Modern Power Solutions continues to lead the market in pop-up outlets.

When you press the button, the V3CS rises smoothly from your countertop, offering a modern and intuitive experience. Its motorised mechanism is not only functional but also adds a stylish, high-tech touch to your kitchen.

Installing the V3CS is quick and hassle-free. The 1.8m cable with a UK plug allows for plug-and-play setup. Additionally, the underside locking ring secures the unit firmly to the benchtop. Simply tighten the ring to ensure stability, even when the outlet is fully extended.

Moreover, the V3CS is designed to handle everyday challenges. When closed, it seals tightly, protecting against spills, dirt, and grime. This ensures the outlet remains clean and functional for years to come.

Safety is also a key feature. To prevent accidental activation, the V3CS includes a built-in child lock. To operate it, hold the button for three seconds to wake the unit, then press it again to open.

The wireless charging lid adds extra convenience. Simply place your phone on the top, and the Qi-certified charger quickly powers your device. As it is Apple-certified, it delivers fast and reliable charging for iPhones, AirPods, and other Apple devices. A green animation confirms compatibility, unlike non-certified chargers, which only show a green battery icon and charge more slowly.

With its seamless integration of style, functionality, and safety, the V3CS Motorised Pop-Up Socket sets a new standard for modern kitchens.

Features of the Motorised Pop Up Socket

- ✅  Simple touch motorised lifting & lowering

- ✅  Spill-sealed lid for kitchens IP54 rated

- ✅  Wireless charging top for mobile phone

- ✅  USB-C 15W & USB-A 15W fast charger and Apple certified

- ✅  24 months warranty, 30 day returns and free shipping"
7169067909229,V3C: Black Motorised Pop Up Socket,v3c-black-motorised-pop-up-socket,https://modernpower.solutions/products/v3c-black-motorised-pop-up-socket,Modern Power Solutions,,"95mm Hole, Motorized Lift, Primary, Spill-Sealed Lid, UK Sockets, USB-A, USB-C, Wireless Charging",324.0,324.0,1,https://cdn.shopify.com/s/files/1/0564/0208/3949/files/onWhite_V3C_UK_0002.webp?v=1706068340,7,"The V3C Motorised Pop Up Socket brings together sleek design and cutting-edge functionality, making it perfect for kitchen countertops. Featuring a glass top, USB ports (including USB-C), a spill-sealed lid, and a wireless charging surface, it delivers everything you need in one unit. With over a decade of expertise, Modern Power Solutions continues to lead the market in pop-up sockets.

Features

- ✅  Simple touch motorised lifting & lowering

- ✅  Spill-sealed lid for kitchens IP54 rated

- ✅  Wireless charging top for mobile phone

- ✅  USB-C 15W & USB-A 15W fast charger and Apple certified

- ✅  24 months warranty, 30 day returns and free shipping

When you press the button, the V3C rises smoothly from your countertop, offering a modern and intuitive experience. Its motorised mechanism is not only functional but also adds a stylish, high-tech touch to your kitchen.

Installing the V3C is quick and hassle-free. The 1.8m cable with a UK plug allows for plug-and-play setup. Additionally, the underside locking ring secures the unit firmly to the benchtop. Simply tighten the ring to ensure stability, even when the socket is fully extended.

Moreover, the V3C is designed to handle everyday challenges. When closed, it seals tightly, protecting against spills, dirt, and grime. This ensures the socket remains clean and functional for years to come.

Safety is also a key feature. To prevent accidental activation, the V3C includes a built-in child lock. To operate it, hold the button for three seconds to wake the unit, then press it again to open.

The wireless charging lid adds extra convenience. Simply place your phone on the top, and the Qi-certified charger quickly powers your device. As it is Apple-certified, it delivers fast and reliable charging for iPhones, AirPods, and other Apple devices. A green animation confirms compatibility, unlike non-certified chargers, which only show a green battery icon and charge more slowly.

With its seamless integration of style, functionality, and safety, the V3C Motorised Pop-Up Socket sets a new standard for modern kitchens."
7169067810925,V3L: Motorised Pop Up Power Socket,v3l-motorised-pop-up-power-socket,https://modernpower.solutions/products/v3l-motorised-pop-up-power-socket,Modern Power Solutions,,"65mm Hole, Motorized Lift, Primary, Spill-Sealed Lid, UK Sockets, USB-A, USB-C, Wireless Charging",324.0,324.0,1,https://cdn.shopify.com/s/files/1/0564/0208/3949/files/V3L_UK_Model_Transparentcopy.webp?v=1708908577,13,"Introducing the V3L Motorised Power Socket —an innovative UK power solution that rises from your benchtop at the press of a button.

In designing modern homes and offices, it’s often the smallest details that make the biggest impact. Yet, when it comes to electrical fittings, many default to basic white plastic plugs, unaware of more stylish and functional alternatives.

Modern Power Solutions is transforming how we access power in kitchens, offices, and beyond.

The Motorised Power Socket features a motor lift mechanism, providing effortless access to UK power sockets. USB-A and USB-C charging ports, and a wireless charging top add further practicality. Designed for convenience and elegance, this versatile outlet is perfect for homes, kitchens, and workspaces. With its built-in electric motor, the V3L raises and lowers automatically with a simple double-press of the button on the lid.

Motorised Power Sockets

- Wireless Charging Top

- USB-C Charging Port

- Two USB-A Charging Ports

- Two UK Power Sockets"
7169057259629,V1BC: Pop Up Power Socket Black,v1bc-pop-up-power-socket-black,https://modernpower.solutions/products/v1bc-pop-up-power-socket-black,Modern Power Solutions,,"90mm Hole, Manual Lift, Primary, UK Sockets, USB-A, USB-C",33.0,33.0,1,https://cdn.shopify.com/s/files/1/0564/0208/3949/files/onWhite_uk_0001_1.png?v=1705820817,4,"The V1BC Pop-Up Power Socket is a compact, retractable unit with two electrical sockets, one USB-A charging port, and two USB-C charging ports. This port configuration was updated in 2025 and now supports up to 30W power output via USB-C, making it suitable for charging laptops and fast-charging compatible mobile phones. Please note that the product image has not yet been updated to reflect the new USB module. It still displays 2x USB-A and 1x USB-C, whereas the updated version features 1x USB-A and 2x USB-C.

Introduced in 2013 as Modern Power Solutions’ first model, the V1 range has undergone refinements while remaining one of the company’s top-selling designs. Its affordable price, durable construction, and simple retraction mechanism make it a customer favourite. The V1BC stands out for its reliability, with almost no issues, complaints, or returns reported over its 10+ year life.

Opening the Pop-Up Power Socket is easy—just grip the center handle through the opening and pull to raise. This manually operated unit slides smoothly on its aluminum body and locks securely in both the up and down positions. Its versatile design allows for installation in any direction, including sideways or upside-down from a top cabinet.

The V1BC comes with a 1.8m cable and plug, making installation straightforward and plug-and-play. The USB transformer is fully integrated, ensuring a clean and efficient setup.

Outlets

- 2x Power Sockets

- 1x USB-A Charging Socket (18w max)

- 2x USB-C Charging Sockets (30w max)"
7158143746157,V3CS: Silver Motorized Pop Up Outlet with USB,v3cs-motorized-pop-up-outlet-with-usb,https://modernpower.solutions/products/v3cs-motorized-pop-up-outlet-with-usb,Modern Power Solutions,,"15 Amps, 3.75"" Hole, Motorized Lift, Primary, Spill-Sealed Lid, US Sockets, USB-A, USB-C, Wireless Charging",249.95,249.95,1,https://cdn.shopify.com/s/files/1/0564/0208/3949/files/modern-power-web-v3cs-us-motorized-kitchen-popup-outlet-main-whitebg.webp?v=1739430344,5,"The V3CS Motorized Pop Up Outlet brings together sleek design and cutting-edge functionality, making it perfect for kitchen counter-tops. Featuring a glass top, USB ports (including USB-C), a spill-sealed lid, and a wireless charging surface, it delivers everything you need in one unit. With over a decade of expertise, Modern Power Solutions continues to lead the market in pop-up outlets.

When you press the button, the V3CS rises smoothly from your countertop, offering a modern and intuitive experience. Its motorized mechanism is not only functional but also adds a stylish, high-tech touch to your kitchen.

Installing the V3CS is quick and hassle-free. The 1.8m cable with a USA plug allows for plug-and-play setup. Additionally, the underside locking ring secures the unit firmly to the benchtop. Simply tighten the ring to ensure stability, even when the outlet is fully extended.

Moreover, the V3CS Motorized Pop Up Outlet is designed to handle everyday challenges. When closed, it seals tightly, protecting against spills, dirt, and grime. This ensures the outlet remains clean and functional for years to come.

Safety is also a key feature. To prevent accidental activation, the V3C includes a built-in child lock. To operate it, hold the button for three seconds to wake the unit, then press it again to open.

The wireless charging lid adds extra convenience. Simply place your phone on the top, and the Qi-certified charger quickly powers your device. As it is Apple-certified, it delivers fast and reliable charging for iPhones, AirPods, and other Apple devices. A green animation confirms compatibility, unlike non-certified chargers, which only show a green battery icon and charge more slowly.

Features of the Motorized Pop Up Outlet

- ✅  Spill-sealed lid for kitchens IP54 rated

- ✅  Wireless charging top for mobile phone

- ✅  USB-C 15W & USB-A 15W fast charger and Apple certified

- ✅  24 months warranty, 30 day returns and free shipping

With its seamless integration of style, functionality, and safety, the V3C Motorized Pop Up Outlet sets a new standard for modern kitchens."
7158144761965,V3CW: White Motorized Pop Up Outlet with USB,v3cw-white-motorized-pop-up-outlet-with-usb,https://modernpower.solutions/products/v3cw-white-motorized-pop-up-outlet-with-usb,Modern Power Solutions,,"15 Amps, 3.75"" Hole, Motorized Lift, Primary, Spill-Sealed Lid, US Sockets, USB-A, USB-C, Wireless Charging",249.95,249.95,1,https://cdn.shopify.com/s/files/1/0564/0208/3949/files/modern-power-web-v3cw-us-motorized-kitchen-popup-outlet-main-whitebg.webp?v=1739430503,5,"Due back in stock by end of August 2026

The V3CW Motorized Pop Up Outlet brings together sleek design and cutting-edge functionality, making it perfect for kitchen countertops. Featuring a glass top, USB ports (including USB-C), a spill-sealed lid, and a wireless charging surface, it delivers everything you need in one unit. With over a decade of expertise, Modern Power Solutions continues to lead the market in pop-up outlets.

When you press the button, the V3CW rises smoothly from your countertop, offering a modern and intuitive experience. Its motorized mechanism is not only functional but also adds a stylish, high-tech touch to your kitchen.

Installing the V3CW is quick and hassle-free. The 1.8m cable with a US plug allows for plug-and-play setup. Additionally, the underside locking ring secures the unit firmly to the benchtop.

Moreover, the V3CW Pop Up Outlet is designed to handle everyday challenges. When closed, it seals tightly, protecting against spills, dirt, and grime. This ensures the outlet remains clean and functional for years to come.

Safety is also a key feature. To prevent accidental activation, the V3CW includes a built-in child lock. To operate it, hold the button for three seconds to wake the unit, then press it again to open.

The wireless charging lid adds extra convenience. Simply place your phone on the top, and the Qi-certified charger quickly powers your device. As it is Apple-certified, it delivers fast and reliable charging for iPhones, AirPods, and other Apple devices. A green animation confirms compatibility, unlike non-certified chargers, which only show a green battery icon and charge more slowly.

Features of the Pop Up Outlet

- ✅  Spill-sealed lid for kitchens IP54 rated

- ✅  Wireless charging top for mobile phone

- ✅  USB-C 15W & USB-A 15W fast charger and Apple certified

- ✅  24 months warranty, 30 day returns and free shipping

With its seamless integration of style, functionality, and safety, the V3CW Motorized Pop Up Outlet sets a new standard for modern kitchens."
7157886287981,GFCI Adapter Outlet with Automatic Reset,gfci-adapter,https://modernpower.solutions/products/gfci-adapter,GFCI01,,"15 Amps, Automatic Reset, GFCI, Plug & Play, US Sockets",29.95,29.95,1,https://cdn.shopify.com/s/files/1/0564/0208/3949/files/GFCI1_Trans_Main_WhitebG.webp?v=1743402729,2,"Use a GFCI adapter outlet to enhance safety for pop-up countertop outlets located near wet areas, such as in kitchens. Most modern circuits already include GFCI protection, so this adapter is usually unnecessary. However, if you’re unsure, using it adds an extra layer of protection.

To use the GFCI adapter outlet, connect it between the pop-up outlet and the wall socket under your countertop. If it trips to prevent an electrical hazard, reset it by pressing the GFCI’s reset button located under the countertop.

Alternatively, you can turn off the electrical circuit for 10 seconds. The adapter automatically resets when power is restored, making it especially convenient for hard-to-reach locations like under countertops or behind drawers.

The ELEGRP GFCI adapter outlet supports up to 15 amps of electrical current and is designed for indoor use only. It is not weather-resistant, so avoid using it outdoors. This UL-listed device meets certification standards for homes across North America.

Features

- Improved Safety

- Automatic Power Reset Functionality

- UL Listed

- Compact Size"
7156682457197,V3C: Black Motorized Pop Up Outlet with USB,v3c-motorized-pop-up-outlet-with-usb,https://modernpower.solutions/products/v3c-motorized-pop-up-outlet-with-usb,Modern Power Solutions,,"15 Amps, 3.75"" Hole, Motorized Lift, Primary, Spill-Sealed Lid, US Sockets, USB-A, USB-C, Wireless Charging",249.95,249.95,1,https://cdn.shopify.com/s/files/1/0564/0208/3949/files/modern-power-web-v3c-us-motorized-kitchen-popup-outlet-main-whitebg_fba732ca-c691-4dba-939d-8e19c30154f6.webp?v=1739430448,5,"The V3C is an automatic motorized black pop up outlet built for kitchens. It extracts out of a kitchen counter top or any desktop surface by the press of a button on the top.

Easily charge mobile devices via the USB ports on the face, and power up to two 120v appliances. Once done, simply close the unit and a seal protects against water spills that may occur around on the countertop.

- ✅  Pop up outlet activated by button on the top

- ✅  Spill-sealed lid for kitchens IP54 rated

- ✅  Wireless charging top for mobile phone

- ✅  USB-C 15W & USB-A 15W fast charger and Apple certified

- ✅  24 months warranty, 30 day returns and free shipping

The V3C pop up outlet is easy to install. It requires a 3 3/4 inch diameter hole and plugs into a wall outlet under the counter. However, you'll need to ensure you have a cavity or space under the countertop. For example, often people will fit them between or behind cupboards under an island counter.

Shipping is fast and free at Modern Power Solutions, so you can get your pop up outlet quickly. However, an even faster 2-day option is available to most US states for an additional fee, you can see at checkout. Orders are dispatched from California or Louisiana."
7154321129581,Point Pod Connect Black Kitchen Counter Pop Up Electrical Outlet,point-pod-connect-black-pop-up-electrical-outlet,https://modernpower.solutions/products/point-pod-connect-black-pop-up-electrical-outlet,Point Pod,,"15 Amps, 4"" Hole, 65W USB-C, Custom Insert Top, Motorized Lift, Primary, US Sockets, USB-A, USB-C",589.0,679.0,2,https://cdn.shopify.com/s/files/1/0564/0208/3949/files/modern-power-web-point-pod-connect-black-kitchen-outlet-main-whitebg.webp?v=1739430006,5,"The Point Pod Connect is an integrated kitchen counter pop up outlet system. As a result, it offers seamless integration of your countertop material in the top of the unit. Featuring USB ports and two US sockets for kitchen appliances and mobile devices.

Its aesthetic design allows it to match your countertop material. Note, the top comes blank without a material - you need to cut and insert your own bench material. Watch the installation video below for more information.

The Point Pod rises when you press the top and electric motor moves it up and down for easy access.

The Point Pod kitchen counter pop up outlet is UL certified and approved for kitchens in North America (ETL Listed, UL 962A & CSA C22.2). Its rated for up to 15A.

The Point Pod Connect is the only kitchen pop up model where you put your countertop stone cut-out back in the top for a seamless fitting. It is the top of the range unit available at Modern Power Solutions, designed for high end homes.

The Point Pod is available in both black (PPCV815B) and silver-white (PPCV815) colour variations.

It also comes in two USB power configurations: 15W or 65W.

- The 15-watt version features three USB ports (two USB-C and one USB-A) making it ideal for charging phones and smaller devices. While it can charge laptops and tablets, they will charge more slowly.

- For faster performance, the 65-watt version includes two USB-C ports and is better suited for charging laptops and tablets at normal speed, as well as charging phones more quickly. Please note that this version does not include a USB-A port.

A 4"" diameter hole is required for the Point Pod installation in a kitchen countertop."
7146163011693,Point Pod Connect Silver Kitchen Counter Pop Up Outlet,point-pod-connect-silver-counter-pop-up-outlet,https://modernpower.solutions/products/point-pod-connect-silver-counter-pop-up-outlet,Point Pod,,"15 Amps, 4"" Hole, 65W USB-C, Custom Insert Top, Motorized Lift, Primary, US Sockets, USB-A, USB-C",589.0,679.0,2,https://cdn.shopify.com/s/files/1/0564/0208/3949/files/modern-power-web-point-pod-connect-silver-kitchen-outlet-main-whitebg-ppcv815.webp?v=1775553333,5,"The Point Pod Connect is an integrated kitchen counter pop up outlet system. As a result, it offers seamless integration of your countertop material in the top of the unit. Featuring USB ports and two US sockets for kitchen appliances and mobile devices.

Its aesthetic design allows it to match your countertop material. Note, the top comes blank without a material - you need to cut and insert your own bench material. Watch the installation video below for more information.

The Point Pod rises when you press the top and electric motor moves it up and down for easy access.

The Point Pod kitchen counter pop up outlet is UL certified and approved for kitchens in North America (ETL Listed, UL 962A & CSA C22.2). Its rated for up to 15A.

The Point Pod Connect is the only kitchen pop up model where you put your countertop stone cut-out back in the top for a seamless fitting. It is the top of the range unit available at Modern Power Solutions, designed for high end homes.

The Point Pod is available in both black (PPCV815B) and silver-white (PPCV815) color variations.

It also comes in two USB power configurations: 15W or 65W.

- The 15-watt version features three USB ports (two USB-C and one USB-A) making it ideal for charging phones and smaller devices. While it can charge laptops and tablets, they will charge more slowly.

- For faster performance, the 65-watt version includes two USB-C ports and is better suited for charging laptops and tablets at normal speed, as well as charging phones more quickly. Please note that this version does not include a USB-A port.

A 4"" diameter hole is required for the Point Pod installation in a kitchen countertop."
