product_handle,product_title,color,power,variant_title,sku,price,available,image_folder,primary_image,image_count
v16-pop-up-outlet-with-light-65w-usb-c,V16: Pop Up Outlet with Light & 65W USB-C,Black,,,V16B-US,249.95,True,images/v16b-black-pop-up-outlet-with-light-65w-usb-c,images/v16b-black-pop-up-outlet-with-light-65w-usb-c/01-modern-power-web-v16b-us-primary-image.webp,9
v16-pop-up-outlet-with-light-65w-usb-c,V16: Pop Up Outlet with Light & 65W USB-C,Silver,,,V16S-US,249.95,True,images/v16s-silver-pop-up-outlet-with-light-and-65w-usb-c,images/v16s-silver-pop-up-outlet-with-light-and-65w-usb-c/01-modern-power-web-v16s-us-primary-image.webp,9
v15-quad-sided-pop-up-outlet-with-usb-and-qi,V15: Quad-Sided Pop Up Outlet with USB and Qi,Black,,,V15PWUB-US,149.95,True,images/v15-quad-sided-black-pop-up-outlet-with-usb-and-qi,images/v15-quad-sided-black-pop-up-outlet-with-usb-and-qi/01-modern-power-web-V15PWUB-US-primary-image-whitebg.webp,10
v15-quad-sided-pop-up-outlet-with-usb-and-qi,V15: Quad-Sided Pop Up Outlet with USB and Qi,White,,,V15PWUW-US,149.95,True,images/v15-white-pop-up-outlet-with-usb-and-qi,images/v15-white-pop-up-outlet-with-usb-and-qi/01-modern-power-web-V15PWUW-US-primary-image-whitebg.webp,8
v3c-motorized-pop-up-outlet-with-usb,V3C: Motorized Pop Up Outlet with USB,Black,,,V3C-US,249.95,True,images/v3c-motorized-pop-up-outlet-with-usb,images/v3c-motorized-pop-up-outlet-with-usb/01-modern-power-web-v3c-us-motorized-kitchen-popup-outlet-main-whitebg_fba732ca-c691-4dba-939d-8e19c30154f6.webp,5
v3c-motorized-pop-up-outlet-with-usb,V3C: Motorized Pop Up Outlet with USB,Silver,,,V3CS-US,249.95,True,images/v3cs-motorized-pop-up-outlet-with-usb,images/v3cs-motorized-pop-up-outlet-with-usb/01-modern-power-web-v3cs-us-motorized-kitchen-popup-outlet-main-whitebg.webp,5
v3c-motorized-pop-up-outlet-with-usb,V3C: Motorized Pop Up Outlet with USB,White,,,V3CW-US,249.95,True,images/v3cw-white-motorized-pop-up-outlet-with-usb,images/v3cw-white-motorized-pop-up-outlet-with-usb/01-modern-power-web-v3cw-us-motorized-kitchen-popup-outlet-main-whitebg.webp,5
point-pod-connect-kitchen-pop-up-outlet,Point Pod Connect Kitchen Counter Pop Up Outlet,Black,15W,,PPCV815B,589.00,True,images/point-pod-connect-black-pop-up-electrical-outlet,images/point-pod-connect-black-pop-up-electrical-outlet/01-modern-power-web-point-pod-connect-black-kitchen-outlet-main-whitebg.webp,5
point-pod-connect-kitchen-pop-up-outlet,Point Pod Connect Kitchen Counter Pop Up Outlet,Black,65W,,PPCV815PDB,679.00,True,images/point-pod-connect-black-pop-up-electrical-outlet,images/point-pod-connect-black-pop-up-electrical-outlet/01-modern-power-web-point-pod-connect-black-kitchen-outlet-main-whitebg.webp,5
point-pod-connect-kitchen-pop-up-outlet,Point Pod Connect Kitchen Counter Pop Up Outlet,Silver,15W,,PPCV815,589.00,True,images/point-pod-connect-silver-counter-pop-up-outlet,images/point-pod-connect-silver-counter-pop-up-outlet/01-modern-power-web-point-pod-connect-silver-kitchen-outlet-main-whitebg-ppcv815.webp,5
point-pod-connect-kitchen-pop-up-outlet,Point Pod Connect Kitchen Counter Pop Up Outlet,Silver,65W,,PPCV815PD,679.00,True,images/point-pod-connect-silver-counter-pop-up-outlet,images/point-pod-connect-silver-counter-pop-up-outlet/01-modern-power-web-point-pod-connect-silver-kitchen-outlet-main-whitebg-ppcv815.webp,5
v15-white-pop-up-outlet,V15: Quad Sided Gas-Strut Pop Up Power Outlet,,,Default Title,V15PW-US,89.95,True,images/v15-white-pop-up-outlet,images/v15-white-pop-up-outlet/01-modern-power-web-V15PW-US-primary-image-whitebg.webp,6
hubbell-tri-power-countertop-pop-up-receptacle,Hubbell Tri-Power Countertop Pop Up Receptacle,,,20 Amps / White / Surface Mount,RCT620W,399.95,True,images/hubbell-tri-power-countertop-pop-up-receptacle,images/hubbell-tri-power-countertop-pop-up-receptacle/01-modern-power-web-hubbell-tri-power-countertop-pop-up-receptacle.webp,25
hubbell-tri-power-countertop-pop-up-receptacle,Hubbell Tri-Power Countertop Pop Up Receptacle,,,20 Amps / Nickel / Surface Mount,RCT620NI,399.95,True,images/hubbell-tri-power-countertop-pop-up-receptacle,images/hubbell-tri-power-countertop-pop-up-receptacle/01-modern-power-web-hubbell-tri-power-countertop-pop-up-receptacle.webp,25
hubbell-tri-power-countertop-pop-up-receptacle,Hubbell Tri-Power Countertop Pop Up Receptacle,,,20 Amps / Aluminum / Surface Mount,RCT620ALU,399.95,True,images/hubbell-tri-power-countertop-pop-up-receptacle,images/hubbell-tri-power-countertop-pop-up-receptacle/01-modern-power-web-hubbell-tri-power-countertop-pop-up-receptacle.webp,25
hubbell-tri-power-countertop-pop-up-receptacle,Hubbell Tri-Power Countertop Pop Up Receptacle,,,20 Amps / Chrome / Surface Mount,RCT620CH,399.95,True,images/hubbell-tri-power-countertop-pop-up-receptacle,images/hubbell-tri-power-countertop-pop-up-receptacle/01-modern-power-web-hubbell-tri-power-countertop-pop-up-receptacle.webp,25
hubbell-tri-power-countertop-pop-up-receptacle,Hubbell Tri-Power Countertop Pop Up Receptacle,,,20 Amps / Black / Surface Mount,RCT620BK,399.95,True,images/hubbell-tri-power-countertop-pop-up-receptacle,images/hubbell-tri-power-countertop-pop-up-receptacle/01-modern-power-web-hubbell-tri-power-countertop-pop-up-receptacle.webp,25
hubbell-tri-power-countertop-pop-up-receptacle,Hubbell Tri-Power Countertop Pop Up Receptacle,,,20 Amps / Brass / Surface Mount,RCT620BR,399.95,True,images/hubbell-tri-power-countertop-pop-up-receptacle,images/hubbell-tri-power-countertop-pop-up-receptacle/01-modern-power-web-hubbell-tri-power-countertop-pop-up-receptacle.webp,25
hubbell-tri-power-countertop-pop-up-receptacle,Hubbell Tri-Power Countertop Pop Up Receptacle,,,20 Amps / Bronze / Surface Mount,RCT620BZE,399.95,True,images/hubbell-tri-power-countertop-pop-up-receptacle,images/hubbell-tri-power-countertop-pop-up-receptacle/01-modern-power-web-hubbell-tri-power-countertop-pop-up-receptacle.webp,25
hubbell-tri-power-countertop-pop-up-receptacle,Hubbell Tri-Power Countertop Pop Up Receptacle,,,15 Amps / White / Surface Mount,RCT600W,389.95,True,images/hubbell-tri-power-countertop-pop-up-receptacle,images/hubbell-tri-power-countertop-pop-up-receptacle/01-modern-power-web-hubbell-tri-power-countertop-pop-up-receptacle.webp,25
hubbell-tri-power-countertop-pop-up-receptacle,Hubbell Tri-Power Countertop Pop Up Receptacle,,,15 Amps / Nickel / Surface Mount,RCT600NI,389.95,True,images/hubbell-tri-power-countertop-pop-up-receptacle,images/hubbell-tri-power-countertop-pop-up-receptacle/01-modern-power-web-hubbell-tri-power-countertop-pop-up-receptacle.webp,25
hubbell-tri-power-countertop-pop-up-receptacle,Hubbell Tri-Power Countertop Pop Up Receptacle,,,15 Amps / Aluminum / Surface Mount,RCT600ALU,389.95,True,images/hubbell-tri-power-countertop-pop-up-receptacle,images/hubbell-tri-power-countertop-pop-up-receptacle/01-modern-power-web-hubbell-tri-power-countertop-pop-up-receptacle.webp,25
hubbell-tri-power-countertop-pop-up-receptacle,Hubbell Tri-Power Countertop Pop Up Receptacle,,,15 Amps / Chrome / Surface Mount,RCT600CH,389.95,True,images/hubbell-tri-power-countertop-pop-up-receptacle,images/hubbell-tri-power-countertop-pop-up-receptacle/01-modern-power-web-hubbell-tri-power-countertop-pop-up-receptacle.webp,25
hubbell-tri-power-countertop-pop-up-receptacle,Hubbell Tri-Power Countertop Pop Up Receptacle,,,15 Amps / Black / Surface Mount,RCT600BK,389.95,True,images/hubbell-tri-power-countertop-pop-up-receptacle,images/hubbell-tri-power-countertop-pop-up-receptacle/01-modern-power-web-hubbell-tri-power-countertop-pop-up-receptacle.webp,25
hubbell-tri-power-countertop-pop-up-receptacle,Hubbell Tri-Power Countertop Pop Up Receptacle,,,15 Amps / Brass / Surface Mount,RCT600BR,389.95,True,images/hubbell-tri-power-countertop-pop-up-receptacle,images/hubbell-tri-power-countertop-pop-up-receptacle/01-modern-power-web-hubbell-tri-power-countertop-pop-up-receptacle.webp,25
hubbell-tri-power-countertop-pop-up-receptacle,Hubbell Tri-Power Countertop Pop Up Receptacle,,,15 Amps / Bronze / Surface Mount,RCT600BZE,389.95,True,images/hubbell-tri-power-countertop-pop-up-receptacle,images/hubbell-tri-power-countertop-pop-up-receptacle/01-modern-power-web-hubbell-tri-power-countertop-pop-up-receptacle.webp,25
hubbell-dual-sided-pop-up-electrical-outlet,Hubbell Dual-Sided Countertop Pop Up Receptacle,,,20 Amps / White / Surface Mount,RCT220W,295.95,True,images/hubbell-dual-sided-pop-up-electrical-outlet,images/hubbell-dual-sided-pop-up-electrical-outlet/01-modern-power-web-hubbell-dual-sided-countertop-pop-up-receptacle.webp,33
hubbell-dual-sided-pop-up-electrical-outlet,Hubbell Dual-Sided Countertop Pop Up Receptacle,,,20 Amps / White / Flush Mount,RCT221W,295.95,True,images/hubbell-dual-sided-pop-up-electrical-outlet,images/hubbell-dual-sided-pop-up-electrical-outlet/01-modern-power-web-hubbell-dual-sided-countertop-pop-up-receptacle.webp,33
hubbell-dual-sided-pop-up-electrical-outlet,Hubbell Dual-Sided Countertop Pop Up Receptacle,,,20 Amps / Nickel / Surface Mount,RCT220NI,295.95,True,images/hubbell-dual-sided-pop-up-electrical-outlet,images/hubbell-dual-sided-pop-up-electrical-outlet/01-modern-power-web-hubbell-dual-sided-countertop-pop-up-receptacle.webp,33
hubbell-dual-sided-pop-up-electrical-outlet,Hubbell Dual-Sided Countertop Pop Up Receptacle,,,20 Amps / Nickel / Flush Mount,RCT221NI,295.95,True,images/hubbell-dual-sided-pop-up-electrical-outlet,images/hubbell-dual-sided-pop-up-electrical-outlet/01-modern-power-web-hubbell-dual-sided-countertop-pop-up-receptacle.webp,33
hubbell-dual-sided-pop-up-electrical-outlet,Hubbell Dual-Sided Countertop Pop Up Receptacle,,,20 Amps / Aluminum / Surface Mount,RCT220ALU,295.95,True,images/hubbell-dual-sided-pop-up-electrical-outlet,images/hubbell-dual-sided-pop-up-electrical-outlet/01-modern-power-web-hubbell-dual-sided-countertop-pop-up-receptacle.webp,33
hubbell-dual-sided-pop-up-electrical-outlet,Hubbell Dual-Sided Countertop Pop Up Receptacle,,,20 Amps / Aluminum / Flush Mount,RCT221ALU,295.95,True,images/hubbell-dual-sided-pop-up-electrical-outlet,images/hubbell-dual-sided-pop-up-electrical-outlet/01-modern-power-web-hubbell-dual-sided-countertop-pop-up-receptacle.webp,33
hubbell-dual-sided-pop-up-electrical-outlet,Hubbell Dual-Sided Countertop Pop Up Receptacle,,,20 Amps / Chrome / Surface Mount,RCT220CH,295.95,True,images/hubbell-dual-sided-pop-up-electrical-outlet,images/hubbell-dual-sided-pop-up-electrical-outlet/01-modern-power-web-hubbell-dual-sided-countertop-pop-up-receptacle.webp,33
hubbell-dual-sided-pop-up-electrical-outlet,Hubbell Dual-Sided Countertop Pop Up Receptacle,,,20 Amps / Chrome / Flush Mount,RCT221CH,295.95,True,images/hubbell-dual-sided-pop-up-electrical-outlet,images/hubbell-dual-sided-pop-up-electrical-outlet/01-modern-power-web-hubbell-dual-sided-countertop-pop-up-receptacle.webp,33
hubbell-dual-sided-pop-up-electrical-outlet,Hubbell Dual-Sided Countertop Pop Up Receptacle,,,20 Amps / Black / Surface Mount,RCT220BK,295.95,True,images/hubbell-dual-sided-pop-up-electrical-outlet,images/hubbell-dual-sided-pop-up-electrical-outlet/01-modern-power-web-hubbell-dual-sided-countertop-pop-up-receptacle.webp,33
hubbell-dual-sided-pop-up-electrical-outlet,Hubbell Dual-Sided Countertop Pop Up Receptacle,,,20 Amps / Black / Flush Mount,RCT221BK,295.95,True,images/hubbell-dual-sided-pop-up-electrical-outlet,images/hubbell-dual-sided-pop-up-electrical-outlet/01-modern-power-web-hubbell-dual-sided-countertop-pop-up-receptacle.webp,33
hubbell-dual-sided-pop-up-electrical-outlet,Hubbell Dual-Sided Countertop Pop Up Receptacle,,,20 Amps / Brass / Surface Mount,RCT220BR,295.95,True,images/hubbell-dual-sided-pop-up-electrical-outlet,images/hubbell-dual-sided-pop-up-electrical-outlet/01-modern-power-web-hubbell-dual-sided-countertop-pop-up-receptacle.webp,33
hubbell-dual-sided-pop-up-electrical-outlet,Hubbell Dual-Sided Countertop Pop Up Receptacle,,,20 Amps / Brass / Flush Mount,RCT221BR,295.95,True,images/hubbell-dual-sided-pop-up-electrical-outlet,images/hubbell-dual-sided-pop-up-electrical-outlet/01-modern-power-web-hubbell-dual-sided-countertop-pop-up-receptacle.webp,33
hubbell-dual-sided-pop-up-electrical-outlet,Hubbell Dual-Sided Countertop Pop Up Receptacle,,,20 Amps / Bronze / Surface Mount,RCT220BZE,295.95,True,images/hubbell-dual-sided-pop-up-electrical-outlet,images/hubbell-dual-sided-pop-up-electrical-outlet/01-modern-power-web-hubbell-dual-sided-countertop-pop-up-receptacle.webp,33
hubbell-dual-sided-pop-up-electrical-outlet,Hubbell Dual-Sided Countertop Pop Up Receptacle,,,20 Amps / Bronze / Flush Mount,RCT221BZE,295.95,True,images/hubbell-dual-sided-pop-up-electrical-outlet,images/hubbell-dual-sided-pop-up-electrical-outlet/01-modern-power-web-hubbell-dual-sided-countertop-pop-up-receptacle.webp,33
hubbell-dual-sided-pop-up-electrical-outlet,Hubbell Dual-Sided Countertop Pop Up Receptacle,,,15 Amps / White / Surface Mount,RCT200W,285.95,True,images/hubbell-dual-sided-pop-up-electrical-outlet,images/hubbell-dual-sided-pop-up-electrical-outlet/01-modern-power-web-hubbell-dual-sided-countertop-pop-up-receptacle.webp,33
hubbell-dual-sided-pop-up-electrical-outlet,Hubbell Dual-Sided Countertop Pop Up Receptacle,,,15 Amps / White / Flush Mount,RCT201W,285.95,True,images/hubbell-dual-sided-pop-up-electrical-outlet,images/hubbell-dual-sided-pop-up-electrical-outlet/01-modern-power-web-hubbell-dual-sided-countertop-pop-up-receptacle.webp,33
hubbell-dual-sided-pop-up-electrical-outlet,Hubbell Dual-Sided Countertop Pop Up Receptacle,,,15 Amps / Nickel / Surface Mount,RCT200NI,285.95,True,images/hubbell-dual-sided-pop-up-electrical-outlet,images/hubbell-dual-sided-pop-up-electrical-outlet/01-modern-power-web-hubbell-dual-sided-countertop-pop-up-receptacle.webp,33
hubbell-dual-sided-pop-up-electrical-outlet,Hubbell Dual-Sided Countertop Pop Up Receptacle,,,15 Amps / Nickel / Flush Mount,RCT201NI,285.95,True,images/hubbell-dual-sided-pop-up-electrical-outlet,images/hubbell-dual-sided-pop-up-electrical-outlet/01-modern-power-web-hubbell-dual-sided-countertop-pop-up-receptacle.webp,33
hubbell-dual-sided-pop-up-electrical-outlet,Hubbell Dual-Sided Countertop Pop Up Receptacle,,,15 Amps / Aluminum / Surface Mount,RCT200ALU,285.95,True,images/hubbell-dual-sided-pop-up-electrical-outlet,images/hubbell-dual-sided-pop-up-electrical-outlet/01-modern-power-web-hubbell-dual-sided-countertop-pop-up-receptacle.webp,33
hubbell-dual-sided-pop-up-electrical-outlet,Hubbell Dual-Sided Countertop Pop Up Receptacle,,,15 Amps / Aluminum / Flush Mount,RCT201ALU,285.95,True,images/hubbell-dual-sided-pop-up-electrical-outlet,images/hubbell-dual-sided-pop-up-electrical-outlet/01-modern-power-web-hubbell-dual-sided-countertop-pop-up-receptacle.webp,33
hubbell-dual-sided-pop-up-electrical-outlet,Hubbell Dual-Sided Countertop Pop Up Receptacle,,,15 Amps / Chrome / Surface Mount,RCT200CH,285.95,True,images/hubbell-dual-sided-pop-up-electrical-outlet,images/hubbell-dual-sided-pop-up-electrical-outlet/01-modern-power-web-hubbell-dual-sided-countertop-pop-up-receptacle.webp,33
hubbell-dual-sided-pop-up-electrical-outlet,Hubbell Dual-Sided Countertop Pop Up Receptacle,,,15 Amps / Chrome / Flush Mount,RCT201CH,285.95,True,images/hubbell-dual-sided-pop-up-electrical-outlet,images/hubbell-dual-sided-pop-up-electrical-outlet/01-modern-power-web-hubbell-dual-sided-countertop-pop-up-receptacle.webp,33
hubbell-dual-sided-pop-up-electrical-outlet,Hubbell Dual-Sided Countertop Pop Up Receptacle,,,15 Amps / Black / Surface Mount,RCT200BK,285.95,True,images/hubbell-dual-sided-pop-up-electrical-outlet,images/hubbell-dual-sided-pop-up-electrical-outlet/01-modern-power-web-hubbell-dual-sided-countertop-pop-up-receptacle.webp,33
hubbell-dual-sided-pop-up-electrical-outlet,Hubbell Dual-Sided Countertop Pop Up Receptacle,,,15 Amps / Black / Flush Mount,RCT201BK,285.95,True,images/hubbell-dual-sided-pop-up-electrical-outlet,images/hubbell-dual-sided-pop-up-electrical-outlet/01-modern-power-web-hubbell-dual-sided-countertop-pop-up-receptacle.webp,33
hubbell-dual-sided-pop-up-electrical-outlet,Hubbell Dual-Sided Countertop Pop Up Receptacle,,,15 Amps / Brass / Surface Mount,RCT200BR,285.95,False,images/hubbell-dual-sided-pop-up-electrical-outlet,images/hubbell-dual-sided-pop-up-electrical-outlet/01-modern-power-web-hubbell-dual-sided-countertop-pop-up-receptacle.webp,33
hubbell-dual-sided-pop-up-electrical-outlet,Hubbell Dual-Sided Countertop Pop Up Receptacle,,,15 Amps / Brass / Flush Mount,RCT201BR,285.95,True,images/hubbell-dual-sided-pop-up-electrical-outlet,images/hubbell-dual-sided-pop-up-electrical-outlet/01-modern-power-web-hubbell-dual-sided-countertop-pop-up-receptacle.webp,33
hubbell-dual-sided-pop-up-electrical-outlet,Hubbell Dual-Sided Countertop Pop Up Receptacle,,,15 Amps / Bronze / Surface Mount,RCT200BZE,285.95,True,images/hubbell-dual-sided-pop-up-electrical-outlet,images/hubbell-dual-sided-pop-up-electrical-outlet/01-modern-power-web-hubbell-dual-sided-countertop-pop-up-receptacle.webp,33
hubbell-dual-sided-pop-up-electrical-outlet,Hubbell Dual-Sided Countertop Pop Up Receptacle,,,15 Amps / Bronze / Flush Mount,RCT201BZE,285.95,True,images/hubbell-dual-sided-pop-up-electrical-outlet,images/hubbell-dual-sided-pop-up-electrical-outlet/01-modern-power-web-hubbell-dual-sided-countertop-pop-up-receptacle.webp,33
hole-saw-4-for-point-pod,"4"" 102mm Hole Saw Made for Point Pod",,,Default Title,PPHSU,102.00,True,images/hole-saw-4-for-point-pod,images/hole-saw-4-for-point-pod/01-modern-power-web-point-pod-hole-saw-drill-bit-whitebg-6.webp,3
gfci-adapter,GFCI Adapter Outlet with Automatic Reset,,,Default Title,GFCI01,29.95,True,images/gfci-adapter,images/gfci-adapter/01-GFCI1_Trans_Main_WhitebG.webp,2
